Number of Articles,Number of Founders,Number of Funding Rounds,Total Funding Amount,Number of Investors,Number of Acquisitions,Number of Lead Investors,Successful Exit (True/False)
102,,,,,,,0
,,,,,,,0
1,,,,,,,0
1,,,,,,,1
,,,,,,,0
1,1,8,6795451,9,,1,1
,,,,,,,1
4,,,,,,,0
,,1,1800000,1,2,1,0
,,2,6204822,2,,,0
,,,,,,,0
1,1,,,,,,0
,,,,,,,0
,1,,,,,,0
,,,,,,,0
,1,,,,,,0
,1,,,,,,0
,1,,,,,,0
,1,,,,,,0
13,3,2,250000,4,,,1
,,,,,,,0
8,2,,,,,,1
2,,,,,,,0
90,,,,,,,0
66,,,,,,,0
,,,,,,,0
,,,,,,,0
,,,,,2,,0
,1,,,,,,0
,,,,,,,0
,1,,,,,,0
,,,,,,,0
14,3,2,8000000,1,2,1,1
1,,1,,1,,1,0
,,,,,,,0
,,2,380000,,2,,1
2,,,,,,,0
,,,,,,,0
16,,,,,,,0
,1,,,,,,0
,1,,,,,,0
,,,,,,,0
5,,,,,,,0
,,,,,,,0
13,5,5,1011601,3,,1,1
,,,,,,,0
,,,,,,,0
,,,,,,,0
10,1,,,,,,1
46,1,,,,,,0
,,,,,,,1
,,1,20900,,,,1
,,,,,,,1
16,1,,,,,,0
,1,,,,,,0
3,2,,,,,,0
2,,,,,,,1
,,1,7000000,1,,1,1
1,1,2,11052498,,2,,1
,1,,,,,,0
7,3,1,,1,,,0
1,,,,,,,0
,1,,,,,,0
,,,,,,,0
,,,,,,,0
1,,,,,,,0
4059,,,,,,,0
3,,,,,,,0
1,,,,,,,1
,1,,,,,,0
,,,,,,,0
1,,1,1500000,,,,0
,1,1,,2,,1,0
,,,,,,,0
,,,,,,,0
2,,6,4211031,,,,1
1,,,,,,,0
,,,,,,,0
,,,,,,,1
28,1,7,16788448,,,,0
,,,,,,,1
2,,,,,,,0
43,,4,617000000,7,,2,0
,,,,,,,0
1,1,2,4500000,4,,1,0
1,,,,,2,,1
30,3,1,,1,,,1
4,1,1,10000000,1,2,1,0
1,,,,,,,0
,,,,,,,1
3,1,1,,1,,,0
,,,,,,,1
30,1,,,,,,0
,,2,,1,,,0
3,1,2,28500000,3,2,2,1
,,,,,,,1
,,,,,,,1
1,1,,,,,,0
8,,,,,5,,1
,,,,,,,1
,,,,,,,0
,,,,,,,0
,,,,,,,0
,,,,,,,0
3,1,,,,,,0
,,,,,,,0
117,2,6,24980307,5,,3,0
,,,,,,,1
,,,,,,,0
,,,,,,,0
23,3,5,135776263,5,,3,0
,1,,,,1,,1
10,2,,,,,,0
205,,,,,,,0
,,,,,,,1
,,,,,,,0
3,,,,,,,0
,,,,,,,0
,,1,265000,,,,1
,,,,,,,1
,1,,,,,,0
3,1,1,6000000,1,,,1
131,1,7,73500000,8,1,5,0
,,,,,,,0
2,,,,,,,1
21,2,3,17600000,3,,2,1
,1,,,,,,0
1,2,5,7935445,3,,2,0
,,,,,,,0
,,,,,,,1
24,,,,,,,0
,,,,,,,1
6,2,,,,,,1
3,2,,,,,,1
39,2,4,115500000,8,5,3,1
3,1,,,,2,,0
1,,,,,,,0
,,,,,,,1
,1,,,,,,0
,1,,,,,,0
,,,,,,,0
,,,,,,,0
2,,,,,,,1
23,3,10,73881909,6,2,,1
1,,3,6000000,5,,2,0
5,2,2,5300000,2,1,1,0
10,,,,,2,,0
101,2,2,27000000,6,,2,1
,,,,,,,0
,,,,,,,0
41,,1,2300000,,,,0
69,2,,,,,,1
,,,,,,,0
55,2,4,17807000,5,,2,1
1,,,,,,,0
22,2,1,2000000,,,,1
,,,,,,,0
,2,,,,,,0
13,,3,41670000,6,,1,0
,,,,,,,0
,,,,,,,0
,,1,13000000,3,,,0
6,,3,6300000,,,,1
1,,,,,,,1
,,,,,,,0
5,1,,,,1,,0
3,,,,,,,1
,,,,,,,0
,,,,,,,1
1,,,,,1,,1
,1,,,,,,0
,1,1,200000,,,,0
5,1,,,,,,0
,,,,,,,0
,,,,,,,0
47,,1,1500000,1,2,1,0
27,4,1,,3,,2,1
,1,2,,1,,1,0
3,1,,,,,,0
,1,1,7000000,3,,,1
,,1,150000,,,,0
5,1,,,,,,0
105,,8,74311925,7,1,2,1
,2,,,,,,0
,,,,,,,0
1,,,,,,,0
,,,,,1,,0
,4,1,2000000,,,,0
,,2,272500,1,,,0
,1,,,,,,1
44,1,6,30455361,6,,3,0
,,,,,,,0
,,,,,,,1
52,1,3,41000016,5,,3,0
,1,,,,,,1
20,1,5,61300000,7,,2,0
,,1,1400000,,,,0
,,,,,,,0
1,1,,,,,,0
2,1,,,,,,0
,,,,,,,0
,,,,,,,1
4,1,,,,,,0
,1,,,,,,0
2,1,,,,,,0
22,2,,,,,,0
,,2,18000000,5,,1,0
,2,,,,,,0
6,1,1,,1,,,0
,,,,,,,0
5,3,6,46953358,5,,2,1
18,,,,,,,0
6,,,,,,,0
,,,,,1,,0
118,,,,,,,0
6,,,,,,,0
99,1,1,2000000,1,,1,1
,,,,,,,0
2,,,,,1,,0
1,,,,,2,,1
4,,,,,,,1
,,,,,,,0
,,,,,,,0
36,1,,,,1,,1
,2,,,,,,0
5,,,,,2,,1
,,,,,,,0
,,,,,,,1
,,,,,,,1
1,,,,,,,1
,,1,,2,,,1
,,,,,,,1
10,1,2,3040000,1,,,1
5,,,,,,,1
,,,,,,,1
477,1,,,,,,1
,,,,,,,1
,,,,,,,1
1,,,,,,,1
,,1,,1,,1,1
1,,,,,,,1
,,,,,,,1
,,,,,,,1
2,,,,,,,1
2,1,,,,,,1
283,2,10,299900000,17,2,6,1
2,,,,,,,1
,,,,,,,1
,,,,,,,1
2,,,,,,,1
,,,,,,,1
,,,,,,,1
2,,,,,,,1
,1,,,,,,1
,,,,,,,1
97,2,7,115800000,11,2,6,1
4,,,,,,,1
,,,,,,,1
10,3,4,31500000,6,,4,1
38,1,8,185624633,14,,2,1
13,1,6,157912960,5,,1,1
,3,4,540000,1,,,1
,,,,,,,1
,1,,,,3,,1
,1,,,,,,1
1,,,,,3,,1
,,,,,,,1
1,,,,,,,1
,,,,,1,,1
,,2,23325000,6,,1,1
,,,,,,,1
8,,,,,,,1
57,1,12,95700002,1,,1,1
1,,1,,1,,1,1
20,1,2,375000,,2,,1
84,2,1,3500000,1,,,1
3,,,,,,,1
,,,,,,,1
35,1,3,32284000,4,,4,1
5,,,,,,,1
,1,,,,,,1
7,2,,,,,,1
6,1,1,300000,1,,,1
,,,,,,,1
1,1,,,,,,1
,,,,,,,1
6,3,2,4500000,,,,1
,2,4,22536995,,,,1
2,,,,,,,1
,,,,,,,1
1,,,,,,,1
,,,,,,,1
,2,,,,,,1
320,4,10,340925355,7,6,4,1
4,2,1,5000000,1,,,1
11,1,3,27750000,6,4,3,1
70,,,,,1,,1
,,,,,,,1
2,,,,,,,1
24,2,3,9000000,3,,,1
,,,,,,,1
,1,,,,,,1
,,,,,,,1
,,,,,,,1
,,,,,,,1
,,,,,,,1
1257,2,2,800000000,2,1,2,1
,,,,,,,1
,,,,,,,1
,,,,,,,1
1,,,,,,,1
81,3,2,9000000,2,,1,1
1,,,,,,,1
,,,,,,,1
2,,,,,,,1
1,,,,,,,1
1,,2,8000000,2,,1,1
,,,,,,,1
62,2,8,155551113,16,,3,1
,,,,,,,1
,,,,,,,1
24,,,,,,,1
,,,,,,,1
,,,,,,,1
4,1,3,109500000,4,,2,1
208,2,3,129000000,5,,2,1
,,,,,,,1
1,,,,,,,1
,,,,,,,1
841,5,5,40500000,7,1,2,1
,1,,,,,,1
30,4,4,51050000,13,,5,1
,,,,,,,1
,,,,,,,1
,,,,,,,1
6,1,1,27000000,1,,1,1
82,1,,,,,,1
,,1,15000000,,,,1
332,3,4,50100000,7,1,2,1
,,3,29400000,3,,3,1
,,,,,,,1
1,,,,,,,1
,,,,,,,1
15,3,,,,,,1
,,,,,,,1
,,,,,,,1
1,,,,,,,1
32,3,3,1500000,6,,1,1
,,,,,,,1
,,,,,,,1
,,,,,,,1
1,2,3,27841613,1,1,,1
,,,,,,,1
3,,,,,,,1
,,,,,,,1
2,,,,,,,1
,,,,,,,1
,,,,,,,1
414,3,8,40242738,14,,2,1
,,,,,,,1
,,,,,,,1
315,,1,,5,7,,1
,,1,,1,,1,1
,,,,,,,1
,,,,,,,1
,2,,,,,,1
5,,,,,,,1
50,1,1,6000000,2,,2,1
,,,,,,,1
2,,,,,,,1
,,,,,,,1
,,,,,,,1
,,,,,,,1
4,2,,,,,,1
10,,,,,1,,1
,,,,,,,1
2,,,,,,,1
,,,,,,,1
64,1,1,1750000,,1,,1
3,,,,,,,1
18,,,,,,,1
,1,1,2000000,1,,1,1
1,2,,,,,,1
232,2,3,16350000,6,1,2,1
,,,,,,,1
,1,2,2500000,1,,1,1
,,1,,1,,,1
,1,5,10566030,3,,1,1
,,,,,,,1
,,,,,,,1
,,,,,,,1
,,,,,,,1
,,,,,,,1
,,,,,,,1
80,,,,,1,,1
646,3,12,289603692,17,14,6,1
1,2,,,,,,1
,,,,,,,1
,,,,,,,1
,,,,,,,1
,1,,,,,,1
7,,,,,,,1
1,1,1,,1,,1,1
1,,,,,,,1
,,,,,,,1
,,,,,,,1
,,,,,,,1
,,,,,,,1
,,,,,,,1
38,2,2,1395000,3,,,1
,,,,,,,1
2,1,11,4097107,1,,1,1
298,1,5,106210283,10,,2,1
347,2,3,19000000,5,1,3,1
1,,1,6000000,2,,,1
,1,,,,,,1
5,,1,,1,,,1
,,,,,,,1
1,,,,,,,1
,,,,,,,1
,,,,,,,1
4,,,,,,,1
,,,,,,,1
12,3,1,,1,,,1
5,,,,,,,1
,,,,,,,1
2,,,,,2,,1
,,,,,,,1
,,,,,,,1
,,,,,,,1
,,,,,,,1
49,,,,,,,1
,,,,,,,1
,,,,,,,1
,,,,,,,1
86,,,,,1,,1
1,,1,12700000,3,,1,1
,2,1,,1,,1,1
,,,,,,,1
,,,,,,,1
,,,,,,,1
,,,,,,,1
86,4,6,18900000,7,,2,1
1,,,,,,,1
4,2,1,7200000,2,,,1
6,2,3,4901574,6,,3,1
,,,,,,,1
,,,,,,,1
1,,,,,,,1
,,,,,,,1
,1,5,20400000,5,,2,1
,,,,,,,1
,,,,,,,1
1,,,,,,,1
,,,,,,,1
,,,,,,,1
,,,,,,,1
,,,,,,,1
3,,,,,,,1
,,,,,,,1
,,,,,,,1
18,,,,,2,,1
,,,,,,,1
2,1,5,23949992,1,,1,1
,,,,,,,1
27,3,2,12035360,3,,2,1
211,3,3,46500000,5,,2,1
,,,,,,,1
31,1,4,42480000,3,1,2,1
,1,,,,,,1
,,,,,,,1
,,1,10000000,2,,,1
2,,1,,1,2,1,1
,,,,,,,1
,1,,,,,,1
289,1,4,58000000,7,1,2,1
,,,,,,,1
,,,,,,,1
,,,,,,,1
,,,,,,,0
,,1,1000000,,,,0
,,,,,,,0
,,,,,,,0
,,,,,,,0
,1,,,,,,0
2,,2,42500000,2,,1,1
1,,,,,,,0
10,2,,,,,,0
8,1,1,350000,,,,0
,,,,,,,0
,1,,,,,,0
554,1,,,,5,,0
11,,,,,,,0
2,1,,,,,,0
4,,,,,,,0
2,2,2,150000,1,,,1
,,,,,,,0
,1,,,,,,0
,1,,,,,,0
,,1,287685,,,,0
3,2,,,,,,0
,,,,,,,0
1,1,,,,,,0
6,,1,,1,5,,1
,,,,,,,0
198,,,,,,,0
20,2,1,,1,,,1
1,1,,,,,,0
,,,,,,,0
,,,,,,,1
,,1,10000000,1,,1,0
9,,,,,,,0
1,,,,,,,1
3,,,,,,,0
13,2,3,41000000,3,,2,0
,1,,,,,,0
,,,,,,,1
,,,,,1,,0
,,,,,,,0
17,,,,,,,0
1,,,,,,,0
,,,,,,,0
,,,,,,,1
,,,,,,,0
2,,,,,,,1
,1,5,44600000,1,,,0
,,,,,,,0
3,1,3,485000,,,,0
,1,,,,1,,0
22,,,,,,,0
,,,,,,,0
,2,,,,,,0
158,3,3,16500000,6,,3,1
,,,,,,,0
5,3,,,,,,0
,,,,,,,0
,,,,,,,0
2,,,,,,,1
4,2,1,3000000,2,,,0
40,,,,,,,1
5,,,,,,,1
,,,,,,,1
,,,,,,,1
55,,,,,,,0
,,,,,,,0
,,,,,,,0
,,,,,,,1
3,,,,,,,0
,,,,,,,1
45,1,,,,,,0
,1,,,,,,0
,,,,,,,1
,,,,,,,1
,2,,,,,,0
6,1,2,6000000,3,,2,0
1,1,,,,,,0
,1,,,,,,0
6,,,,,,,0
2,,,,,,,0
,,,,,,,0
,,,,,,,1
1,1,,,,,,1
,,1,50000,1,,,0
8,,4,80221,,,,1
16,2,,,,,,0
,,,,,,,0
8,3,,,,,,0
,1,,,,,,0
,,,,,,,1
3,1,2,13550000,1,,1,0
,,1,9250000,2,,2,1
,,,,,,,1
,,,,,,,0
,,,,,,,0
,,,,,,,0
1,,,,,,,1
3,,,,,,,0
,1,,,,,,0
,,,,,,,1
522,,,,,,,0
3,,1,2000000,,,,0
3,1,,,,,,1
1,,,,,,,0
12,,,,,,,0
236,,,,,,,0
,,,,,2,,0
,,,,,,,1
2,4,,,,,,1
,1,,,,,,0
124,1,,,,,,0
6,,,,,,,0
,2,,,,,,0
,,1,,1,,,1
,,,,,,,0
,,,,,,,0
7,,,,,,,0
,1,,,,,,1
5,2,1,300000,1,,,0
,,,,,,,0
23,,,,,1,,1
3,,,,,,,0
,1,,,,,,0
,1,,,,,,0
,,,,,,,1
2,,,,,1,,1
156,,,,,,,0
1,1,,,,,,0
,2,,,,,,0
,,,,,,,0
1,,,,,,,0
,1,,,,,,0
,,,,,,,0
,1,,,,,,0
,,,,,,,0
,,,,,,,1
,1,,,,,,0
,,1,8918813,,7,,1
,,,,,,,0
9,,,,,,,0
7,,,,,,,0
2,2,,,,,,0
55,2,4,59000000,8,2,4,0
210,2,5,49500000,6,3,4,1
,,,,,,,0
,,,,,,,0
1,,,,,,,0
8,2,5,18800000,1,,1,0
,1,,,,,,0
,,,,,,,0
,,,,,,,0
3,,,,,,,1
3,,,,,,,0
13,1,3,14900000,4,,3,1
16,1,1,1233000,,,,0
,,,,,,,1
292,3,6,57000000,6,,1,1
,,,,,,,0
,,,,,,,0
1,,,,,,,0
,1,,,,,,0
,,,,,,,1
,,,,,,,0
,,,,,,,0
,,,,,,,0
,,,,,,,0
,,,,,,,0
24,1,1,300000,1,,,0
2,2,,,,,,1
,1,,,,,,0
,,,,,,,1
,,,,,1,,0
,,,,,,,0
1,,,,,2,,1
,,,,,,,0
5,,,,,,,1
,,,,,,,1
1,1,,,,,,0
,,,,,,,1
3,,1,17000000,1,,1,1
,,,,,,,1
,1,,,,,,0
,,,,,,,0
4,,,,,,,0
,,,,,,,0
,1,,,,,,0
,2,1,50000,,,,0
,,,,,,,1
,,,,,,,1
3,2,1,13700000,2,,2,1
,,,,,1,,1
4,,,,,,,0
1,1,5,13335737,1,,1,0
,,,,,,,0
,,,,,,,0
,1,2,19000000,,,,1
3,1,,,,,,1
122,3,5,31000000,4,,4,1
6,,1,6890000,,1,,0
,1,1,1725000,,,,0
,,,,,,,0
,,,,,,,0
4,2,2,6000000,1,,,0
,2,,,,,,0
,3,,,,,,0
,2,,,,,,0
,,,,,,,0
,,,,,,,0
27,1,5,25010000,3,,1,0
,,2,13200000,1,,1,0
,1,,,,,,0
,1,,,,,,0
,,,,,,,0
,,,,,,,0
14,2,6,16760629,5,,2,1
,1,,,,,,0
,,,,,,,0
,,,,,,,1
,,2,425130,1,,1,1
,,,,,,,1
,1,,,,,,0
16,2,,,,,,0
,1,,,,,,0
,,5,1753938,1,,,0
,1,2,59000000,,,,1
,,,,,,,0
,,1,3000000,1,,,0
6,1,,,,,,0
19,,,,,,,0
2,,,,,,,0
1,1,,,,,,0
14,2,1,1450000,,,,0
,1,,,,,,0
2,,,,,,,1
4,,,,,6,,1
,,,,,,,0
,,,,,,,1
,,,,,,,0
,,,,,,,0
8,1,,,,,,0
,,,,,,,0
1,,,,,,,1
,2,,,,,,0
,,1,50000000,1,,,1
2,,,,,,,1
,,,,,,,0
,,,,,,,0
6,1,,,,,,0
,,,,,,,0
,,,,,,,1
,,,,,,,0
,,,,,,,0
,,1,250000,1,,1,0
1,,1,,,,,0
,,,,,1,,1
,,,,,,,0
,,,,,,,1
,,1,650000,,,,0
10,,,,,,,0
3,,,,,,,1
,,,,,,,0
1,,,,,,,1
148,3,5,111426543,7,,5,1
,,1,40000000,1,,1,0
,,1,1400000,,,,0
16,,,,,,,0
2,,1,3000000,,,,1
,,,,,,,1
,,,,,,,1
4,1,,,,,,0
,,,,,,,1
90,1,,,,1,,1
1,,,,,,,1
,,,,,,,0
2,,,,,,,0
3,1,3,5200000,3,,,0
13,2,4,26300000,6,,1,0
,,,,,,,1
,,,,,,,0
,,,,,,,0
,,,,,,,0
,,,,,,,1
1,1,,,,,,0
,,,,,,,0
,,,,,,,0
254,2,3,76500000,5,1,1,1
,,,,,,,1
2,,,,,1,,0
,,,,,,,0
35,1,,,,,,1
,,,,,,,0
2,,,,,,,1
5,2,2,3300000,4,,1,1
,,,,,,,1
19,2,5,5602000,1,,,1
1,1,2,450000,1,,1,0
,,,,,,,0
13,2,,,,,,0
,,,,,,,1
,,,,,,,1
,,,,,,,0
,,,,,,,0
,,,,,,,0
1,1,3,6225000,,,,0
,2,1,1000000,2,,,0
,2,,,,,,1
,,,,,,,0
,,,,,,,0
3,,,,,1,,1
,,,,,1,,0
,2,1,126000,1,,,0
,1,,,,,,1
5,,,,,,,1
1,2,,,,,,0
5,,,,,,,0
,3,,,,,,1
,,,,,,,0
1,,1,,,,,0
,,,,,,,0
1,,,,,,,0
,,,,,,,0
,,,,,,,1
,,,,,,,1
,,,,,,,1
,,,,,,,0
2,,,,,,,0
,,,,,,,0
2,,,,,1,,1
190,1,,,,,,0
,,1,,2,,,0
14,,,,,,,0
,,,,,,,1
4,2,,,,,,0
,,,,,,,1
,,,,,,,0
6,2,1,950000,3,,1,0
,,1,,2,,,0
1,2,,,,1,,0
1,1,,,,,,0
,2,,,,,,0
7,,,,,,,0
,,,,,,,1
48,2,4,42497374,5,,2,1
8,1,1,,2,,,0
,1,,,,,,0
,,,,,,,1
,1,,,,,,0
,2,,,,,,0
,1,1,3300000,,,,1
,,,,,,,1
,,,,,,,0
2,1,,,,,,0
,1,,,,,,0
,,,,,,,1
10,,,,,,,0
,,,,,,,0
,,,,,,,0
113,2,3,32000000,4,,2,1
1,,2,5000000,1,1,1,0
,,,,,,,0
,1,,,,,,0
23,,,,,,,1
,,,,,,,1
,,,,,,,0
,,,,,,,0
,,,,,,,0
,,,,,,,0
,,,,,,,1
,,,,,,,1
,1,,,,,,0
,1,,,,,,1
,2,,,,,,0
3,3,,,,,,1
61,4,9,204632382,5,5,2,0
,,,,,,,1
1,,,,,,,0
,,,,,,,1
43,2,1,3000000,1,,1,0
,,,,,,,0
5,4,2,38000000,3,,,1
1,2,,,,,,0
,,,,,,,0
,,,,,,,0
,1,,,,,,0
10,,,,,1,,0
,1,,,,,,1
,,,,,,,0
,,,,,,,1
3,2,,,,,,0
30,2,3,2350000,11,1,,0
5,1,2,1022870,9,,,1
5,2,,,,,,1
1,1,,,,,,0
,1,,,,,,0
,,1,1731700,,,,0
,,,,,,,1
3,,,,,,,0
20,2,,,,,,0
215,,,,,,,0
4,3,1,1500000,3,,,0
1,,,,,,,0
,,,,,,,0
3,,,,,,,1
538,2,4,57450000,8,3,2,0
3,,,,,,,0
,,,,,,,0
,,,,,,,0
2,2,2,25000,2,,,0
20,,,,,,,0
,1,,,,,,0
,,,,,,,1
,1,,,,,,0
11,1,3,4750000,3,,1,1
6,,2,10550000,5,,1,1
183,2,6,58000000,22,,6,1
2,1,,,,,,0
3,2,,,,,,0
1,,,,,,,0
7,,2,12600000,4,,1,0
,,2,2000000,1,,,1
,,,,,,,0
,2,,,,,,0
2,,,,,,,0
3,2,,,,,,0
8,1,,,,,,0
,,,,,,,1
2,1,,,,,,1
,,,,,,,1
8,4,4,33020000,6,,4,0
,,1,,1,,,0
,1,,,,,,0
3007,2,7,840945776,11,7,1,1
28,1,,,,3,,0
,,,,,,,1
1,,,,,,,0
1,1,1,200000,,,,0
16,,,,,,,0
,,,,,,,0
4,2,10,1476500000,10,,2,1
,,,,,,,0
,,,,,,,0
,,,,,,,0
3,,,,,1,,1
,,,,,,,0
,,,,,,,0
,,,,,,,0
,1,,,,,,0
,,,,,,,0
,,2,6750000,2,,2,0
,,,,,,,0
,,,,,,,1
,,1,,,,,0
58,3,,,,,,1
,,1,500000,,,,0
,,,,,,,0
2,,,,,,,0
,,,,,,,0
,2,,,,,,0
10,2,1,,1,,,0
,,,,,,,1
8,4,,,,,,1
135,2,6,55499990,7,,2,1
2,1,6,4852400,,,,0
,,,,,,,1
20,2,1,1500000,1,,1,1
3,,,,,,,0
,2,,,,,,0
995,3,8,73255000,10,2,4,1
,,,,,,,1
,,,,,,,0
2,,1,,2,,,0
3,1,,,,,,0
1,,,,,,,0
3,2,,,,,,0
,,3,2343012,1,,,0
1,,,,,,,1
,,,,,,,1
12,2,,,,,,0
4,1,2,1750000,,,,1
37,2,,,,,,1
4,,,,,,,1
,,,,,,,0
,,,,,,,1
,,1,,1,,,0
1,1,5,9919665,1,,1,0
6,,,,,,,0
1,,1,2500000,1,,1,0
1,,,,,1,,0
20,,,,,2,,1
,1,,,,,,0
,,,,,,,0
2,1,,,,,,0
,,,,,,,1
1,1,,,,,,0
,,,,,,,0
4,1,,,,,,0
,,,,,,,0
,,,,,,,0
,,,,,,,0
,,,,,,,0
,,,,,,,0
,,,,,,,0
,1,,,,,,0
1,,,,,,,1
1,,,,,,,0
2,2,,,,,,1
,,,,,,,0
1,1,,,,,,0
,,,,,,,0
,,,,,,,0
9,1,,,,,,1
6,1,,,,,,1
,,1,,1,,,0
36,,,,,1,,0
,,,,,,,0
32,1,1,,1,,,1
,,,,,,,0
,2,,,,,,1
13,2,,,,,,0
,1,,,,,,0
5,,4,5535033,,1,,1
,,,,,,,0
16,4,4,25630000,3,,2,0
,,,,,,,0
,,2,1000000,1,,,0
2,,,,,,,1
,,,,,,,0
4,1,1,10000000,1,,1,0
,2,,,,,,0
,1,,,,1,,0
,1,,,,,,0
1,,,,,,,1
7,,,,,,,1
,1,,,,,,0
,,,,,,,1
,,,,,,,0
,4,,,,,,1
16,2,1,,,,,0
,1,,,,,,0
1,1,,,,,,0
,,,,,,,1
3,1,,,,,,0
54,,,,,,,0
,2,,,,,,0
,,1,,,,,0
14,,,,,,,0
28,,,,,,,0
,,,,,,,1
7,,,,,,,1
3,,,,,,,0
,,1,,,,,0
,,,,,,,0
9,,,,,,,0
115,,,,,10,,1
,,,,,,,1
444,2,6,55900000,7,,4,1
103,2,4,90000000,6,,1,1
30,,,,,,,0
149,,,,,,,1
,1,,,,,,0
2,,,,,,,0
,1,3,16374000,2,,1,0
3,1,1,2000000,,,,0
,,,,,,,0
35,,,,,2,,0
3,2,1,1100000,1,,1,0
1,2,2,6000000,2,,,1
17,1,3,42000000,2,,1,1
19,,6,25518015,,,,1
2,,,,,,,0
3,,1,,1,,,1
1,,1,1400000,2,,2,0
2501,1,6,22000000,8,3,4,0
27,1,1,1000000,,,,0
,,,,,,,0
1,,,,,,,1
1,,,,,,,0
994,6,7,286000000,11,1,3,1
,,,,,,,0
24,1,2,10750000,2,1,1,1
2,1,1,1500000,3,,,0
15,3,1,12500000,1,,1,0
2,1,1,800000,1,,,0
10,1,1,2400000,1,,1,0
,1,,,,,,0
,,1,16999999,,,,0
,1,,,,,,0
1,,,,,,,1
,,,,,,,1
,,,,,,,0
,,1,3660942,,,,0
82,,,,,4,,1
,,,,,,,0
,,1,27000000,2,2,2,1
,,,,,,,1
,,,,,,,0
11,3,5,43017000,6,,,1
1,1,1,,4,,,0
,,,,,,,0
11,1,3,250000,1,,,0
1,,,,,,,0
,,,,,,,0
,,,,,,,0
3,1,,,,,,0
13,,,,,,,0
,,,,,,,1
1,,1,25000,,1,,0
,,,,,1,,0
,,,,,,,0
2,,1,25000,1,,1,0
,,,,,,,0
1,1,1,27000,,,,0
,,,,,,,0
,,,,,,,0
1,1,1,,1,,,0
,1,,,,,,0
,,,,,,,0
4,,,,,,,1
,,,,,,,1
3,1,,,,,,0
,1,,,,,,0
2,,,,,1,,0
,,,,,,,0
10,1,2,14000000,5,,,1
3,,,,,1,,0
3,,,,,,,0
1,,,,,,,1
2,,,,,,,0
,,,,,,,0
8,1,1,500000,1,,,0
53,1,,,,,,1
4,1,3,2000000,5,,,1
31,2,,,,,,0
3,,,,,,,1
3,,,,,,,0
122,,3,74707100,5,3,1,1
,,,,,,,0
57,3,6,562000000,10,,8,0
,2,,,,,,0
,,,,,,,0
112,,,,,,,0
,,1,75000,1,,,0
1,,,,,,,0
2,,1,,1,,,0
,1,1,5000000,1,,1,0
,,,,,,,0
3,,,,,,,0
,,,,,,,0
12,1,,,,,,1
41,,3,,4,,2,0
,,,,,,,0
16,2,7,42500002,2,,2,1
2,2,,,,,,0
1,,,,,,,0
16,,,,,,,1
,,,,,,,0
8,,1,5245846,1,,1,1
,4,,,,,,0
3,1,1,2000000,2,,1,0
22,2,7,98900000,7,,5,0
,,3,18300000,3,,1,1
1,1,,,,,,0
1,,,,,,,1
,,,,,,,1
,1,,,,,,0
50,2,6,106800000,3,,2,0
268,1,5,25107724,5,,3,1
1,4,2,2000000,2,,,0
11,2,3,11043722,5,,,1
,,,,,,,0
,,,,,,,1
,1,,,,,,0
,,,,,,,0
,,,,,,,0
4,,,,,,,0
,1,,,,,,0
,2,,,,,,0
3,,,,,,,0
6,1,,,,,,0
7,,,,,,,0
,,,,,,,0
74,,,,,,,1
,,,,,,,1
2,,,,,,,0
12,,,,,,,0
,1,,,,,,0
,,,,,,,0
16,,,,,,,0
,1,,,,,,0
,1,,,,,,0
184,2,5,36825000,6,,5,0
3,,,,,,,0
,,,,,,,1
9,1,,,,,,0
,,,,,,,1
,,,,,,,0
,1,,,,,,0
2,1,1,500000,1,,,0
,,,,,,,0
,,,,,,,0
,2,,,,,,1
,1,,,,,,0
,,,,,,,0
17,1,,,,,,0
,1,,,,,,0
,,,,,,,0
1,,1,6000000,1,1,1,1
1,,,,,1,,1
6,4,,,,,,1
,,,,,1,,0
24,,,,,,,0
,,,,,,,0
4,1,2,800000,8,,,1
5,1,3,12000000,2,,1,0
10,2,4,9700000,6,,1,0
,,,,,,,0
,,,,,,,1
,,,,,,,1
1,,,,,,,1
,,,,,,,0
6,,,,,,,1
,,,,,1,,0
,,1,1000000,,,,0
,,,,,,,1
,,,,,,,0
2,,,,,,,0
1,,,,,,,0
2,1,,,,,,0
,,,,,,,0
53,,,,,3,,1
,,1,,2,,,1
,1,,,,,,1
,,,,,,,0
,1,1,320000,1,,,0
,,,,,,,1
,,,,,,,0
,,,,,,,1
,,,,,1,,1
2,,,,,,,0
,,,,,,,0
,1,,,,,,0
25,,,,,,,0
,,,,,,,0
13,,,,,,,1
,,,,,,,0
,1,,,,,,0
,,,,,,,0
,1,1,250000,,,,0
,,,,,,,0
14,,,,,,,1
4,1,,,,1,,1
,,,,,,,1
,,1,20000,1,,,0
,,,,,,,0
,,,,,,,0
,,,,,,,0
32,4,,,,,,0
4,1,1,2482728,,,,0
,,,,,,,0
,,,,,,,1
,1,,,,,,0
20,,4,17800000,1,,1,1
1,,,,,,,0
,,1,3450000,1,,1,0
140,1,,,,,,0
2,2,1,2000000,2,,1,0
,,,,,,,0
,,,,,,,0
,,1,,1,,,0
,,,,,,,0
4,1,1,5000000,1,,1,0
,,,,,,,1
5,,,,,1,,0
,,,,,,,0
1,,,,,,,0
,1,,,,,,0
,,1,187500,,,,0
1,2,,,,,,0
19,,,,,,,1
,1,,,,,,0
,,,,,,,0
4,,,,,,,1
1,,,,,,,0
,,,,,,,0
,,,,,,,0
1,,,,,,,1
,,,,,2,,0
,,,,,,,1
,2,,,,,,0
32,,,,,,,0
,,,,,,,0
,,,,,,,1
,,,,,,,1
,1,,,,,,0
2,,,,,,,0
2,4,,,,,,0
3,1,,,,,,0
,,,,,,,0
,1,,,,,,1
1,,,,,,,0
,,,,,,,0
,,,,,,,1
,,,,,,,1
,,,,,,,0
14,1,,,,,,0
,1,5,8260298,2,,,0
,,,,,,,0
65,1,,,,,,0
,,2,20000,1,,,0
,,2,550000,1,,,0
,,,,,,,0
,,,,,1,,0
9,,,,,,,0
,,,,,,,0
,1,,,,,,1
16,,,,,,,0
3,1,1,2000000,,1,,0
10,2,,,,,,0
,1,,,,,,0
105,2,,,,2,,0
,,,,,,,0
2,,,,,,,1
3,1,,,,1,,1
20,2,4,89466000,9,,2,0
,,2,,1,,,0
1,,,,,,,0
1,1,2,4000000,2,3,2,1
,1,1,,,,,0
,,,,,,,0
,,,,,,,1
,,,,,,,0
1,,,,,,,0
7,1,4,8250000,2,,,1
1,,,,,,,0
1,1,,,,,,0
31,1,5,106800000,9,,2,1
,1,2,1711000,,,,0
,,,,,,,1
9,,,,,2,,0
,1,2,21700000,3,,2,0
218,1,,,,,,1
4,2,1,4525005,3,,1,0
,1,1,50000,,,,1
7,,,,,,,0
1,,,,,,,0
226,,,,,,,0
3,1,4,2000000,1,,1,1
,,,,,,,1
,,,,,,,0
,,,,,,,0
3,,,,,,,0
,2,,,,,,0
,,,,,,,0
1,1,,,,,,1
25,1,,,,,,0
,,1,150000,1,,,0
2,,,,,,,0
,,,,,,,0
3,,,,,,,0
285,,,,,,,0
9,1,2,1390000,2,,,1
,1,,,,,,0
,,,,,,,0
,,,,,,,0
1,,,,,,,0
1,,,,,,,0
10,2,,,,,,0
9,1,,,,,,1
9,,,,,,,1
24,1,2,2600000,6,,1,1
1,,,,,1,,0
,,,,,,,0
,1,,,,,,0
,,,,,1,,0
,1,1,,1,,,0
4,2,1,,2,,,0
,,,,,,,0
,,,,,,,0
,,,,,,,0
,,,,,,,1
,,,,,,,1
8,,,,,,,0
68,,,,,,,1
3,,1,,1,,,1
,2,2,250000,1,,1,1
7,,,,,,,0
,,,,,,,0
,2,,,,2,,0
101,1,,,,1,,0
,,,,,,,1
,,,,,,,0
,,,,,,,0
149,1,,,,,,0
3,,,,,,,0
399,1,,,,,,0
16,1,1,300000,,,,1
,,,,,,,0
,,,,,,,0
,,,,,,,0
,,,,,,,1
,,,,,2,,0
,,,,,,,0
4,1,,,,1,,0
,,1,400000,1,,,0
,,,,,,,0
,,,,,,,0
,2,,,,,,1
,,,,,,,1
,,,,,,,0
2,,,,,,,0
1,,,,,,,0
30,4,3,10500000,1,,,1
8,2,3,4016000,1,,,0
,,,,,,,0
,,,,,,,0
,,3,29000000,2,,2,0
148,1,,,,2,,1
,,,,,,,0
2,,,,,,,0
1,4,,,,,,0
18,,,,,,,0
,,,,,,,0
,,,,,1,,1
,,,,,,,0
1,1,,,,,,0
,,,,,,,0
,,,,,,,0
,,,,,,,0
16,2,,,,,,0
14,1,2,20000,1,,,0
,,,,,,,0
,1,1,6440000,2,,,0
,,1,,1,,,0
,,2,383000,,1,,1
1,1,,,,,,0
10,1,2,9400000,1,,,1
5,,,,,,,0
,,,,,,,0
,,,,,,,1
1,,,,,,,0
4,,1,15500000,3,,,0
,,,,,,,0
1,1,,,,,,0
1,,,,,,,0
,,,,,,,0
,2,1,4000022,,,,0
,1,4,4506975,3,,,1
11,2,,,,,,1
28,,,,,,,0
70,3,,,,,,0
,,,,,,,0
,,,,,,,1
157,1,7,75962000,7,1,5,0
,3,1,100000,,,,0
,,,,,,,0
,1,,,,,,1
,,,,,1,,0
8,,,,,,,0
7,1,5,2142981,3,,,0
3,,,,,,,0
1,,,,,,,1
,,,,,,,1
,,,,,,,0
14,,,,,,,0
,,,,,3,,0
,,,,,,,0
,,,,,,,0
21,,,,,,,1
9,,,,,,,0
,,,,,,,1
,,,,,,,1
,,,,,,,0
2,,,,,,,0
2,,,,,,,0
,2,,,,,,0
,,,,,,,0
2,2,,,,,,0
,,8,44702884,,,,1
,,,,,,,0
,,1,10000000,1,,1,0
1,,,,,1,,1
,,,,,,,0
,,,,,,,1
,,,,,,,0
1471,1,,,,,,0
,1,1,1200000,1,,,0
,,,,,,,0
,,,,,,,0
1,,,,,,,0
1,,,,,,,0
,,,,,,,0
1,,,,,,,0
,,,,,,,0
32,2,,,,,,1
,,,,,,,0
,1,,,,,,0
,,,,,,,0
,,,,,,,1
40,1,,,,,,0
2,3,1,45844743,,2,,1
27,1,,,,,,1
4,1,,,,,,0
,,,,,,,1
123,3,6,12645126,6,,3,1
28,2,3,11688287,1,,1,1
,,,,,,,0
8,,,,,,,0
,,,,,,,0
,,,,,,,1
,,,,,,,1
176,,,,,5,,0
1,,,,,,,0
,,,,,,,0
,1,,,,,,0
,,,,,,,1
8,1,,,,,,0
10,1,,,,,,0
,,,,,,,0
4,,,,,,,0
,,,,,,,0
,,,,,,,0
,,,,,,,1
,,,,,,,1
25,,,,,,,1
,,1,,1,,,1
,1,,,,,,0
35,1,3,46298276,1,1,1,1
,,,,,,,0
,,,,,1,,0
7,1,1,2300000,1,,1,1
8,1,,,,,,1
,,,,,,,0
,,1,1100000,,,,1
2,2,,,,,,1
,,,,,,,0
,,,,,,,1
,,,,,,,0
,,1,,1,,,0
2,,,,,,,0
,,,,,,,0
2,3,,,,,,1
6,2,1,3300000,,,,1
6,1,1,,3,,1,0
,1,1,3400000,,,,0
,,,,,,,1
7,1,1,3000000,2,,2,0
,1,2,2500000,,,,0
71,1,,,,,,0
2,1,1,,1,,,0
1,,1,16700000,4,,,0
,,,,,,,0
19,1,2,2000000,2,,,1
3,,,,,,,0
,,,,,1,,1
,,,,,,,1
2,2,,,,,,0
25,,,,,,,1
6,1,,,,,,0
,,,,,1,,0
2,,,,,,,0
2,,2,6600000,5,,,0
,3,4,4898097,1,,1,0
,,,,,,,1
16,1,,,,,,1
,3,,,,,,0
19,2,,,,,,0
,1,,,,,,0
,,,,,,,0
,,,,,,,1
,,,,,,,1
,,,,,,,0
,,,,,,,0
,,,,,,,1
,,,,,,,0
,1,,,,,,0
1,2,1,,1,,,0
15,,,,,,,0
1,,,,,,,1
1,2,,,,,,0
,2,,,,,,0
73,1,,,,1,,0
,,,,,,,0
,,,,,,,0
,,,,,,,0
,,,,,,,0
2,2,1,500000,,,,0
1,,,,,,,1
87,2,7,70586429,16,,1,1
4,1,,,,,,1
67,1,3,33000000,3,,2,1
4,,,,,,,0
1,2,1,,1,,,0
,,,,,1,,1
7,,,,,,,0
2,,,,,,,0
,,,,,,,0
1,,,,,1,,0
,1,,,,,,1
,1,1,1200000,,,,0
41,,,,,,,0
37,1,7,13525206,9,1,,1
22,,,,,13,,1
3,1,,,,,,0
,2,,,,,,0
,,,,,,,0
,,1,11750000,3,2,1,1
,,,,,,,0
,,,,,,,1
,,,,,,,0
1,,,,,,,0
,,,,,,,1
,1,,,,,,0
,,,,,,,0
,,,,,,,0
,,,,,,,0
,,,,,,,0
,,,,,,,0
25,4,2,14020000,3,,2,1
9,,,,,,,1
10,1,4,4914999,3,,2,1
,,,,,,,0
,,,,,,,0
,,,,,,,0
48,1,5,299320000,2,,1,1
,,,,,,,1
5,2,2,225000,2,,,0
,,,,,,,0
39,,,,,,,0
176,1,7,16390185,9,1,,0
12,,1,212000,1,,1,1
,,,,,,,0
9,2,5,9349999,1,,1,0
1,1,1,,1,,,0
109,2,4,42100000,4,,2,1
1,,,,,,,0
,,,,,,,1
233,1,9,182250017,24,,7,1
2,,,,,,,0
,,1,,1,,,0
3,1,,,,,,0
,,1,400000,,,,0
,3,,,,,,0
11,2,,,,,,0
1,2,,,,,,0
1,,,,,,,0
,1,,,,,,0
5,,,,,,,0
58,,,,,,,0
11,3,,,,2,,0
20,4,5,7500000,6,1,1,0
,,,,,,,0
,,1,2499985,,,,0
2,,,,,2,,1
,,,,,,,1
1,1,2,1160000,8,,,0
,1,,,,,,0
1,1,1,,2,1,,0
,,,,,,,1
1,,,,,,,0
1,,,,,2,,0
,1,,,,,,1
3,,,,,1,,1
,,,,,,,0
,2,,,,,,0
,,,,,,,1
,,,,,,,1
,,,,,,,1
,,,,,,,0
,,,,,,,0
4,1,,,,,,0
,,,,,,,0
,2,2,2000000,1,,,0
3,1,,,,,,0
,,,,,,,0
1,2,,,,,,1
8,,1,3200000,3,,,1
,,,,,,,0
,,,,,,,1
3,,,,,,,0
61,1,5,204300000,8,,4,0
17,,,,,,,1
1,2,,,,,,0
2,,,,,,,0
1,1,2,210000,,,,0
,,,,,,,0
,,,,,,,0
111,2,4,64700000,6,,5,1
,,,,,,,0
1,1,,,,,,0
3,1,,,,,,1
,,,,,,,0
3,,1,9000000,1,,1,0
,,,,,,,0
15,,,,,,,0
,,,,,,,0
1,,,,,,,0
77,1,,,,,,0
2,1,,,,,,0
,,,,,,,1
,,,,,,,0
1,,,,,,,1
,,,,,,,1
,3,,,,,,0
1,,1,42000,,,,0
1,,1,75000000,1,,1,0
1,,,,,,,0
,,,,,,,0
,,,,,,,1
,1,2,4100000,1,5,,1
,,,,,,,1
,,1,16500000,1,,1,1
,,,,,,,0
,,,,,,,0
5,,,,,,,0
6,,,,,,,0
400,1,6,2011000000,14,1,4,1
,1,1,,1,1,,0
31,,,,,1,,1
3,,,,,,,0
,2,,,,,,0
6,,,,,,,0
3,2,,,,,,0
,1,,,,,,0
,,,,,,,0
1,,,,,1,,0
,1,1,900000,,,,0
,,,,,1,,0
,,,,,,,1
3,,,,,,,0
180,2,13,123586989,35,4,6,1
,,,,,,,0
1,,,,,,,0
,1,,,,,,0
2,,,,,,,0
,,,,,,,0
49,1,8,319641726,7,,1,1
1,,1,50000,,,,0
,1,,,,,,0
,,,,,,,1
,,,,,,,0
2,,,,,,,0
3,1,,,,,,1
99,2,,,,,,0
7,1,,,,,,1
2,,,,,,,0
,,,,,,,0
,,1,2430000,1,,1,1
,,,,,,,0
,1,,,,,,0
4,,,,,,,1
,1,,,,,,0
14,1,5,5926121,2,,1,0
,,,,,,,0
1,,,,,,,0
853,,,,,36,,1
,,,,,,,1
313,3,4,12000000,1,,1,1
263,1,8,160619658,8,,3,1
1,,,,,,,0
55,1,,,,6,,0
,,1,,1,,,0
17504,4,9,928225039,11,10,6,1
,,1,100000,,,,0
2,,,,,,,1
,,,,,,,0
2,1,1,,1,,1,1
,,,,,,,1
1,,,,,,,0
,,,,,,,0
7,1,1,100000,,,,1
,2,1,120000,1,,,0
,,,,,,,0
1,1,,,,,,1
,,,,,,,0
1,,,,,,,0
,,,,,,,1
,,,,,,,1
,1,,,,,,0
,,,,,,,0
,,1,5000000,,,,0
,2,,,,,,0
,1,,,,,,0
,1,1,50000,1,,,0
1,,,,,,,0
,,,,,,,0
1,,,,,1,,0
,1,1,1500000,3,,,0
12,1,2,22590000,3,,2,0
,,5,12140027,2,,1,0
10,2,,,,6,,0
,,,,,,,1
,,,,,,,0
,2,1,,1,,1,0
,,,,,,,0
,1,2,8000000,2,,,0
,,,,,,,0
1,,,,,,,0
1,,,,,,,1
1,,,,,,,0
2,1,2,27000000,3,,2,0
,2,,,,,,0
,,,,,,,1
1,2,1,25000000,2,,,1
2,1,2,,2,,1,1
1,,,,,,,1
864,1,7,215750000,17,1,4,0
,,,,,,,1
187,1,2,18000000,3,,,1
34,,1,4000000,2,,,0
,,,,,,,0
,,,,,,,0
,,,,,,,0
,,1,100000,3,,,0
,,2,766000,1,,,0
27,2,1,,1,1,,1
1,,,,,,,0
15,2,2,59767166,1,,1,0
,,,,,,,1
,,,,,,,1
,,,,,,,0
,,,,,,,1
1,,,,,,,1
9,3,1,12000000,1,,1,1
,,,,,,,0
13,,,,,,,0
,1,,,,,,0
,,,,,,,0
1,,,,,1,,0
,,,,,,,0
3,,,,,,,0
3,,,,,,,0
1,,,,,,,0
,,,,,,,0
,1,3,500000,2,,,0
,,,,,,,0
321,,,,,2,,1
23,1,4,43200001,5,,3,1
,,,,,,,0
,,,,,,,0
,,,,,,,0
35,3,5,67250000,7,2,1,0
,1,,,,,,0
1,,,,,,,1
6,,,,,,,1
,,,,,,,0
2,,1,,1,,,1
149,2,6,96000000,3,3,2,1
1,1,,,,,,1
,1,,,,,,0
1,1,1,240000000,1,,1,0
64,1,8,119150000,12,,2,1
22,2,,,,,,0
,1,,,,,,0
34,1,5,41290000,5,2,4,1
1,,1,,1,,,0
1,,,,,,,0
,,,,,,,0
101,,1,3400000,,,,0
,,,,,,,0
,,,,,,,0
15,1,,,,,,0
,,,,,,,0
,,,,,,,1
,,,,,1,,0
,1,,,,,,0
27,2,3,11000000,3,,1,1
1,,,,,,,0
,,2,42500000,2,,2,0
,1,,,,,,0
,1,,,,,,0
2,,,,,,,0
,,,,,,,0
,2,,,,,,0
,,,,,,,0
,,,,,,,0
,,,,,,,0
1,,,,,,,0
,,,,,,,0
1,,,,,1,,0
31,,,,,,,0
,,,,,,,1
,,,,,,,1
3,1,1,3000000,,,,0
1,,,,,,,0
,,,,,,,0
,,,,,,,0
130,1,3,40500000,2,4,1,1
15,2,5,25750000,6,,2,1
1,,,,,,,0
1,,,,,,,1
,1,,,,,,0
,,,,,,,1
,,,,,1,,0
,1,5,4685800,2,,1,0
,,1,8000000,,,,0
1,,1,,,,,0
14,,,,,,,0
5,2,1,4300000,1,,1,0
,,,,,,,1
,,,,,,,1
,,,,,,,0
138,2,3,38000000,3,,3,1
,1,,,,,,0
,,,,,,,1
7,1,,,,1,,0
,1,,,,,,0
,,,,,,,0
6,2,7,16248028,5,,2,1
12,3,1,900000,7,,,1
,1,1,8000000,,,,0
27,2,2,57000000,5,,2,1
1,,1,,1,,,1
,,,,,,,0
,,,,,,,0
,,,,,,,0
,,,,,,,1
10,3,,,,,,0
,,,,,,,0
1,1,,,,,,0
,,2,1039355,1,,,1
,,,,,,,1
,,,,,,,1
15,3,5,18909999,2,,1,0
519,,,,,,,1
1,1,4,6500000,1,,1,0
,,,,,,,0
,,,,,,,0
,,,,,,,0
,,,,,,,1
,,,,,,,1
5,,3,8330000,3,,2,0
,,,,,,,0
,,2,327000,,,,0
5,,,,,,,0
,,,,,,,0
,,,,,,,0
48,1,2,1500000,2,,,0
,1,,,,,,0
,,,,,,,0
,,,,,,,0
,,,,,,,0
,,,,,,,1
,,,,,,,0
,,,,,,,0
,1,3,23432000,4,,1,0
5,1,1,,1,,,0
2,,,,,2,,1
,1,,,,,,0
1,,2,,4,,,0
,,,,,,,0
,,,,,1,,0
,,,,,,,1
,1,,,,,,0
8,,3,12700000,4,,2,0
,,,,,,,0
,1,,,,,,0
8,,,,,1,,0
6,,,,,,,1
10,,,,,,,0
1,,,,,,,0
,,,,,,,1
,,,,,,,0
1,,1,150000,,,,0
6,2,2,9000000,2,,1,1
165,1,,,,,,1
19,1,1,6600000,,,,1
,,,,,,,0
15,2,,,,,,0
33,,,,,,,1
,,,,,,,0
,1,,,,,,0
4,1,,,,,,1
,,,,,,,1
17,1,1,1500000,,,,0
,,,,,,,0
,1,,,,,,0
,1,,,,,,0
1,,,,,,,0
,1,,,,,,0
,2,,,,,,0
,1,,,,,,0
42,2,5,10575614,2,,1,0
16,1,,,,,,0
,1,6,84300012,3,,3,0
3,,,,,,,0
15,,2,55600000,4,,,0
2,,,,,,,0
,,,,,5,,1
,,,,,,,1
32,,,,,,,0
1,,,,,,,0
,,,,,,,0
,,,,,,,0
,1,,,,,,1
1,,,,,,,0
2,1,1,10000000,1,,1,1
1,,,,,,,1
11,,2,35800000,4,,,1
,,1,,,,,0
2,2,3,2000000,2,,1,1
,1,,,,,,0
,1,1,250000,,,,0
14,,,,,,,1
,,,,,,,0
,,,,,,,0
,,1,116667,,,,0
1,1,1,1100000,,,,0
,1,,,,,,0
6,,,,,1,,0
1,,,,,,,0
30,1,4,4650000,2,,,1
11,,,,,,,1
1,,,,,,,0
177,1,,,,7,,1
,1,1,5000000,1,,1,1
,,,,,,,0
367,2,5,86500000,15,,5,1
1,,,,,1,,1
,,,,,,,0
1,,1,3000000,,1,,1
105,4,3,35000000,4,1,,0
,1,,,,,,0
,,,,,,,0
5,,,,,,,1
,,,,,,,0
,1,,,,,,0
,1,1,13200000,1,,,1
,,,,,,,0
1,,,,,,,1
19,,,,,,,0
,,,,,,,0
,3,2,1500000,1,,,0
,,,,,,,0
3,,1,7000000,,,,0
,,3,28550000,3,,2,0
2,,,,,,,0
,,1,,1,,,0
,,,,,,,0
,,,,,1,,1
,,1,1797000,1,,,0
,,,,,,,0
,,1,,1,,,0
,,,,,,,0
,,2,6850000,,,,0
5,1,1,250000,1,,,0
2,,1,342186,,,,0
33,4,3,430000,4,,,1
,1,,,,,,0
4,,,,,,,1
,1,,,,,,0
17,3,2,,3,,1,0
,,,,,,,1
,2,,,,,,0
2,,1,30000000,2,,2,1
,,,,,,,0
9,,1,,1,,,0
46,1,,,,,,0
,,,,,,,0
,,,,,,,0
2,1,1,,2,,,0
1,,,,,,,0
3,1,4,26438098,2,1,1,0
5,,,,,,,0
17,1,3,95500000,7,,3,1
1,,1,3200000,3,,1,0
,1,2,,1,,,0
1,,1,1100000,4,,,0
6,2,3,13050000,6,,,0
1,,,,,1,,0
,1,1,1100000,1,,,0
1,,,,,,,1
14,,,,,,,0
,,,,,,,0
,2,,,,,,0
,,,,,,,0
,,,,,,,1
,,,,,,,0
,,,,,,,0
,,,,,,,0
6,2,3,89000000,3,,1,0
,,,,,,,0
,,,,,,,0
,,,,,,,1
,,,,,,,0
1,,,,,,,0
,,2,7100000,6,4,,0
,1,1,,1,1,1,1
,2,,,,,,0
7,1,,,,,,0
,,,,,1,,1
,,,,,,,0
1,,,,,1,,1
,1,2,12060000,,,,0
,1,,,,,,0
,,,,,,,0
9,,,,,,,0
16,2,,,,,,0
1,,,,,,,1
,1,1,,3,,,1
,,,,,,,0
5,1,1,40000000,1,,1,0
,,,,,,,0
,,,,,,,0
28,,,,,,,0
1,1,,,,,,1
2,1,5,27695412,5,,2,0
4,,,,,,,0
2,,2,2235000,,,,0
3,2,,,,,,0
1,,,,,,,0
10,1,,,,,,0
55,4,,,,5,,1
5,2,,,,1,,1
,1,,,,,,0
,,,,,,,0
,,,,,,,1
2,,,,,,,0
2,,,,,,,0
1,,,,,,,0
,3,,,,,,0
,,2,564000,1,,1,0
,2,,,,,,0
2,,,,,,,0
,,,,,,,0
,1,,,,,,0
5,1,,,,,,0
,,,,,,,1
32,,,,,,,0
,,2,2761139,,,,0
,,,,,,,0
,3,,,,,,1
,,,,,,,0
8,1,,,,1,,0
258,5,4,27063781,5,,3,1
,,,,,,,1
,,,,,,,0
,,,,,,,0
,,,,,,,1
,,,,,,,0
,,,,,,,0
,,,,,,,0
14,,,,,,,0
3,1,,,,,,0
129,,,,,,,0
,,,,,,,0
,,,,,,,0
,1,,,,,,0
5,1,,,,,,0
1,,,,,,,0
,,,,,,,0
,1,,,,,,0
1,,,,,,,0
,,,,,,,0
,,,,,,,0
1,,,,,,,0
2,,,,,,,0
,1,1,1400000,1,1,,0
15,6,,,,,,1
,,,,,,,0
2,1,1,,1,,1,1
13,2,1,5000000,2,,1,1
,1,,,,,,0
25,2,4,29100000,4,2,1,0
1,1,,,,,,0
,,,,,,,0
1,,,,,1,,1
,,,,,1,,0
13,1,,,,,,0
1,,,,,,,0
13,,,,,,,0
14,2,,,,,,0
12,1,2,,2,,,0
,,,,,,,1
,1,,,,,,1
,,1,410000,,,,0
,,,,,,,0
1,1,3,37000000,3,,3,0
,,,,,,,1
,,,,,,,0
,1,1,,1,,,0
,,,,,,,0
3,,,,,5,,0
2,,1,165000,,,,0
,,,,,,,1
80,3,,,,,,0
,,,,,,,1
,,,,,,,0
6,,1,750000,1,,1,0
,,,,,,,0
19,,,,,,,0
2,1,2,15200001,,,,1
53,1,,,,,,0
1,,,,,,,0
,,,,,,,0
1,,,,,,,1
2,2,4,7328230,2,,2,1
,,,,,,,1
,,1,17000,1,,,0
,2,,,,,,0
,1,,,,,,1
6,1,2,15000000,1,,,0
,,,,,,,1
,2,,,,,,0
,,,,,,,1
,,,,,,,0
,,,,,1,,1
1,,,,,,,0
97,,,,,,,0
,,,,,,,0
,,,,,,,1
,1,,,,,,0
10,1,6,104325400,8,,5,0
,1,,,,,,0
1,,1,,1,,,0
,,,,,,,0
,,1,,1,,,0
25,1,,,,,,0
,,,,,,,0
,,,,,1,,0
,2,2,1230400,1,,,0
511,1,5,16600000,13,,2,1
4,1,,,,,,0
,,,,,,,1
,1,,,,1,,0
12,1,,,,,,0
1,,,,,,,0
,,,,,,,0
31,3,1,,2,,,1
,,,,,,,0
5,1,2,16000000,3,,1,0
1,,,,,1,,1
28,,,,,8,,1
2,3,1,5000000,1,,1,1
,1,,,,,,0
82,,1,1000000,1,,1,0
3,,,,,,,0
,1,1,6983583,,,,0
3,,,,,1,,0
,1,,,,,,0
,,,,,,,0
,,1,,1,,,0
,,,,,,,0
,1,1,500000,,,,0
2,,,,,1,,0
3,,,,,1,,0
260,3,3,27300000,5,,3,1
1,,,,,1,,1
4,2,2,150000,2,,,0
1,,,,,,,1
,,4,12850012,,,,1
5,1,1,378286,,,,0
,,,,,,,0
26,1,1,,1,,,0
1,1,1,2500000,,,,0
16,2,,,,,,0
1,,,,,,,0
,1,,,,,,0
,,,,,,,0
18,,,,,,,0
,1,1,,2,,,1
,,,,,,,0
,,,,,,,0
14,3,1,1270000,1,,,1
4,1,,,,,,0
6,1,,,,,,0
470,2,5,68350000,9,,5,1
4,,,,,,,0
,,,,,,,0
,,,,,,,0
,,2,,1,,,0
,,3,12500000,4,,1,1
1,,1,500000,2,,,0
,,,,,,,0
,1,,,,,,0
87,2,1,4000000,1,,,1
,,,,,,,0
,,2,1450000,,,,1
,1,4,6523000,,,,0
2,2,1,5000000,1,,1,0
,,1,10000,,,,0
,1,2,,2,,,0
28,1,,,,,,0
22,2,5,3059921,,1,,1
13,2,6,41346439,5,,2,1
1,2,,,,,,0
2,,,,,,,0
,1,,,,,,0
,1,,,,,,0
,,,,,,,0
,,,,,,,0
,,,,,,,0
,,,,,,,1
1,,,,,,,0
,1,,,,,,0
,,,,,,,0
10,1,1,209000,,,,0
,,1,,1,,,0
4,1,8,15811500,5,,,0
,,2,1500000,,,,0
4,,,,,,,0
,,,,,1,,0
,1,,,,,,0
1,,,,,,,1
,,,,,,,0
21,2,6,41311900,4,,1,1
,,,,,,,1
,,,,,,,0
,,,,,,,0
3,1,6,2603430,,,,1
32,,,,,,,0
,,,,,,,1
6,,,,,,,0
1,1,,,,,,0
,1,,,,,,0
1,,,,,,,1
,,,,,,,0
,,,,,,,0
,,,,,,,0
2043,5,5,65000000,7,10,5,1
7,1,,,,,,1
214,1,6,59000000,6,,4,1
8,,1,5000000,2,,2,1
1,2,6,1460820,2,,,0
4,,1,7000000,1,,1,1
,,,,,1,,1
,,,,,,,0
,,,,,,,0
,1,,,,,,0
3,,,,,,,1
,,,,,,,0
1,4,2,,2,,1,0
,,,,,,,0
4,1,,,,,,0
,,,,,1,,0
,,1,100000,1,,1,0
,,,,,,,0
,,,,,,,1
7,1,,,,,,1
,,1,602082,,,,0
,,,,,1,,0
,,,,,,,1
184,1,,,,2,,0
7,,,,,1,,0
,,,,,,,0
17,,,,,,,0
1,,,,,,,1
,1,,,,,,0
,,,,,,,0
311,3,,,,,,1
,,,,,,,0
14,2,1,314169,1,,1,0
,,,,,1,,0
,,,,,,,0
,,,,,,,1
,,,,,,,1
,,,,,,,0
,,1,1000000,1,,1,0
,,,,,,,1
,,,,,,,0
9,1,7,5702907,3,,1,0
86,,,,,1,,1
,,,,,,,0
30,,,,,1,,1
,,,,,,,0
18,,,,,,,0
2,,4,470900,,,,0
4,1,2,6000000,4,,1,1
,2,,,,,,1
7,,,,,1,,1
,3,1,5000000,,,,0
,,,,,,,1
,,,,,,,0
,,,,,,,0
42,3,5,37000000,7,,6,0
,,,,,,,1
2,,,,,,,0
,2,,,,,,0
,,,,,,,1
,,,,,,,1
23,1,3,4800000,4,,2,0
146,1,1,250000,,,,1
,,,,,,,0
,,,,,,,0
,,,,,,,0
,3,,,,,,0
,,,,,,,0
,2,,,,,,0
,1,,,,,,0
,,,,,,,1
5,,,,,,,0
3,,1,1200000,,,,0
1,1,1,6000000,2,,2,0
,1,1,3686169,,,,0
,,,,,,,0
,,,,,,,1
,1,2,53999987,6,,3,0
1,,,,,,,1
,,,,,,,1
,,1,600000,,,,0
,,,,,,,0
,2,,,,,,0
,2,,,,,,0
8,2,,,,,,0
21,,,,,1,,1
,1,1,50000,,,,0
,1,,,,,,1
,,,,,,,0
,2,,,,,,0
1,,,,,2,,0
2,,,,,,,0
6,2,2,,1,,,0
,,,,,,,0
,2,,,,,,0
2,1,2,1070063,2,,,1
,,,,,,,0
,,,,,,,0
24,,1,27500000,1,,1,1
1,,,,,,,1
,1,,,,,,0
,,,,,,,1
7,,,,,,,0
18,1,,,,,,1
,,,,,,,1
,1,,,,,,0
,,,,,,,1
2,,,,,,,0
,,,,,,,0
,,,,,,,0
,,,,,,,0
5,,,,,,,1
,1,,,,,,0
5,2,4,15380514,,,,0
,2,2,3250000,1,,1,0
5,2,1,,1,,,0
115,3,5,37720000,5,,4,1
81,3,7,30800000,8,1,2,1
1,2,1,,2,,,0
645,,,,,,,0
16,2,3,4814998,3,,1,1
,1,,,,,,0
398,3,3,192500000,5,9,1,1
,,,,,,,1
,,,,,,,0
,1,,,,,,0
29,2,,,,1,,0
9,,,,,,,1
1,,,,,,,0
,,2,23800000,1,,1,0
16,2,,,,,,0
,,,,,,,0
,1,,,,,,0
,,,,,,,0
2,,,,,1,,0
,,,,,,,1
,,,,,,,0
,,,,,,,0
2,1,,,,,,0
75,2,2,61500000,5,1,2,0
,,,,,,,1
6,,,,,,,0
55,2,3,2000000,2,,,0
3,2,2,,3,,,0
5,,1,4700000,3,,,0
,,,,,,,0
11,2,,,,,,0
,,,,,,,1
,,,,,1,,1
2,,,,,,,0
1,2,1,10000000,,,,0
7,,,,,,,1
3,,1,4000000,1,,,0
2,,2,12000000,4,1,3,1
28,1,8,62750002,6,,2,0
3,,,,,,,0
3,2,,,,,,1
76,1,2,85000000,5,1,1,0
1,1,1,10000000,1,,1,0
119,2,8,78170310,7,1,3,1
1,,,,,,,0
,,,,,,,0
,,,,,,,0
,,,,,,,0
,,1,3000000,2,,,0
,,,,,,,0
,,1,300000,,,,0
,,1,3800000,,,,0
,,,,,,,0
2,1,6,13060025,1,,,1
,1,,,,,,0
,1,,,,,,0
4,,,,,1,,0
1,,,,,,,1
9,1,4,17400000,5,,3,1
,,,,,,,1
1,2,5,14500005,2,,1,0
11,2,2,40000000,5,,2,1
1,1,,,,,,0
,,,,,,,1
9,,,,,,,0
7,,1,6000000,4,,3,0
,,,,,,,0
,,,,,,,0
,,,,,,,1
1,,,,,,,1
,,1,60000,,,,0
,,,,,,,0
2,,,,,,,1
2,2,4,8815715,4,,,0
2,,,,,,,0
,,,,,,,0
,,,,,,,1
10,2,,,,,,1
3,,,,,,,0
,,,,,,,0
,,,,,,,1
9,2,4,14469000,5,,2,1
,,,,,,,0
,,,,,,,0
,,,,,,,0
,2,,,,,,0
,,,,,1,,0
1,,,,,,,1
19,3,2,2400000,2,,1,0
,1,,,,,,0
,1,1,5000000,1,,1,0
22,1,1,100000,,,,0
,,,,,,,0
,,,,,,,0
,,,,,,,1
7,1,8,30121228,2,,1,0
6,1,,,,,,0
,1,,,,,,0
1,2,1,3500000,5,,1,0
,1,,,,,,0
,,,,,,,0
,,,,,,,0
,,,,,,,0
1,,,,,,,0
28,,,,,,,0
,,,,,,,1
17,1,2,51500000,7,,1,0
,,,,,2,,0
1,,,,,,,0
,,2,2099590,,,,0
27,1,1,2750000,1,,1,0
6,,,,,,,0
2,,,,,,,1
,,,,,,,0
1,,,,,,,0
,,,,,,,1
,,,,,,,1
3,,,,,,,0
,,,,,,,1
,1,,,,,,0
,,,,,,,1
,,,,,,,0
,,,,,,,1
,,,,,,,0
,,,,,,,1
,,,,,,,1
,,5,18970000,5,,2,1
,,,,,,,0
,,,,,,,0
,1,2,1125000,1,,,0
,1,,,,,,0
1,,,,,,,0
18,,1,,1,,,0
,,,,,,,0
,,,,,,,0
,,,,,,,0
1,,,,,,,1
,2,,,,,,0
,,,,,,,0
,,,,,,,0
13,1,8,47069660,3,,2,0
2,1,1,1175000,1,,,1
84,3,12,186133707,14,,4,1
4,1,2,490000,,,,1
,2,,,,,,0
3,2,9,11969307,4,,3,0
,,,,,,,0
1,,,,,,,0
,,,,,,,0
4,1,,,,,,0
10,,1,7000000,2,,2,0
2,,,,,,,1
17,,,,,,,0
2,1,2,165000000,2,,2,1
9,,,,,,,0
9,,,,,,,0
,,,,,,,1
,,,,,,,0
,,1,,1,,,0
1,2,,,,,,0
2,2,,,,,,0
,1,,,,,,1
,,,,,,,1
,,,,,,,1
,,,,,,,0
1,1,,,,,,0
40,2,5,26284825,6,,3,1
,,,,,,,1
1,,,,,,,0
11,1,,,,,,0
38,,5,287490000,7,,1,0
,,,,,,,0
,2,1,,1,,,0
1,1,,,,,,0
,1,,,,,,1
,,,,,,,1
,,1,,1,,,0
7,,,,,2,,0
,,,,,,,1
7,1,,,,,,1
2,1,,,,,,0
,,1,,1,,,0
,,,,,,,0
,,,,,,,1
,,2,20500000,6,,,0
1,,,,,,,0
2,,2,9810000,2,,2,1
4,3,5,17550668,4,,,0
,3,,,,,,1
,2,2,4300000,,,,0
1,1,,,,,,0
,,,,,,,1
1,,,,,,,0
,,,,,,,0
1,1,1,1200000,1,,1,0
,,,,,,,0
97,,,,,1,,1
3,1,,,,,,0
,,,,,,,0
12,,2,1800000,3,,2,1
11,,,,,,,1
1,1,,,,,,0
2,1,2,6700000,3,,,1
2324,2,,,,,,1
5,1,1,,1,,,0
2,3,1,700000,,,,0
,,,,,,,0
,2,,,,,,0
2,,,,,,,0
46,2,6,85200000,11,,4,0
3,,,,,,,0
,,,,,,,0
47,2,,,,,,0
,1,,,,,,1
1,,,,,,,1
22,,,,,,,0
,,,,,,,0
2,,1,4500000,,,,0
4,,,,,,,0
,,,,,,,0
,,5,30100000,7,,2,1
,,,,,,,0
118,,,,,,,1
,,,,,,,0
,,,,,,,0
,1,2,1746001,,,,0
3,3,8,135699999,14,,3,1
,,,,,,,0
,1,,,,,,0
4,1,,,,4,,1
6,,,,,3,,0
1,2,1,,,,,0
,,,,,,,1
,1,,,,,,0
,1,,,,,,0
,,,,,,,0
2,,1,,1,,,1
,,,,,,,0
,,,,,,,0
4,,,,,,,0
18,2,4,14308892,3,,,1
9,,4,22036604,3,,2,1
,,,,,,,0
,,,,,,,1
,,,,,,,0
,,,,,,,1
1,,,,,,,0
,,,,,,,0
2,,,,,,,1
,,,,,,,0
31,,4,249484121,2,4,2,1
,,,,,,,0
,,,,,,,0
,2,1,50000,1,,,1
5,,,,,,,1
16,,1,50000,,2,,0
,,,,,,,1
45,2,6,21301000,8,,2,0
,,,,,,,0
11,1,2,15200000,4,,3,0
15,1,4,16600000,2,,1,0
,1,3,1650000,,,,0
,,,,,,,0
20,,,,,,,0
,,,,,,,1
2,,,,,,,1
7,,,,,,,1
,2,,,,,,0
5,,,,,1,,0
,1,,,,,,0
,,,,,,,0
,1,,,,,,1
,,3,2844942,2,,2,1
1,,,,,,,0
,,,,,,,0
,,,,,,,1
,,1,400000,1,,,1
,,,,,,,0
1,,,,,,,0
42,,,,,3,,1
,1,,,,,,0
,1,,,,,,0
,1,,,,,,0
31,,,,,,,0
,,,,,,,0
1,,,,,1,,0
12,1,3,10508575,4,,1,0
10,2,5,12789996,7,1,1,1
,,,,,,,0
1,1,3,19000000,8,,,0
181,4,5,38695399,2,,1,1
15,3,3,1645800,2,,,0
1,3,5,14500000,3,1,3,0
,,,,,,,0
96,,,,,3,,1
,,,,,,,0
1,1,3,5675631,,,,0
,,,,,,,0
32,,,,,3,,1
,,,,,,,0
,1,,,,1,,0
,,,,,,,1
17,,,,,3,,1
6,,,,,,,0
,,,,,,,0
28,2,1,55000000,1,3,1,0
,1,,,,,,0
,,,,,,,1
39,,,,,,,0
,,,,,,,1
1,1,1,6000000,,,,0
,,,,,,,0
,,1,4000000,1,,,0
,1,,,,,,0
1069,2,5,21000000,4,1,3,1
,1,4,26000000,2,,2,1
2,,,,,,,1
6,,,,,,,0
5,1,,,,,,0
7,5,4,2527500,11,,,0
,,,,,,,1
16,,,,,,,0
6,2,5,84470000,9,,4,1
8,1,3,28160000,3,,2,0
4,1,,,,,,0
4,1,,,,,,0
3,,,,,,,0
83,2,3,23950000,11,,2,1
1,,,,,,,0
,,,,,,,1
42,1,4,103027000,1,,1,1
,,,,,,,0
12,2,1,7000000,2,,1,1
5,,,,,3,,0
37,,,,,,,0
,,,,,,,0
,2,,,,,,0
,,,,,,,0
228,,,,,,,0
6,1,6,25224241,2,,,0
,,,,,,,0
8,1,1,,3,,,0
,,,,,,,0
,1,,,,,,1
3,1,,,,,,0
,,,,,,,1
,,,,,,,0
,,,,,,,0
,,,,,,,0
1,,,,,,,0
,,,,,,,0
3,,,,,,,1
,1,2,2000000,1,,,0
1,,,,,,,0
24,,4,15100000,8,,2,1
31,1,7,12839999,2,1,1,0
,,,,,,,0
,1,,,,,,0
12,,,,,,,0
2,,2,8000000,4,,2,0
,,,,,,,1
,2,1,7601029,,,,0
,,,,,,,1
1,1,,,,,,1
,,,,,,,1
,1,,,,,,0
,,,,,,,0
25,,,,,,,0
,,,,,,,0
6,2,,,,,,0
,,,,,,,0
,,,,,,,1
2,,,,,,,0
,1,,,,,,0
,,,,,,,0
,,,,,,,0
,,,,,,,1
,,,,,,,0
13,,,,,,,0
1,,,,,,,0
6,,1,,,,,1
2,1,,,,,,0
,,,,,,,0
,,,,,1,,0
3,,,,,,,0
23,1,,,,,,0
82,,1,,1,5,1,1
,,,,,,,0
,1,,,,,,0
29,1,6,31950000,6,1,2,1
9,1,,,,,,1
70,1,6,74000000,7,,4,1
2,1,1,100000,1,,,0
,,1,,1,,1,0
,,,,,,,0
5,1,10,67396363,8,,5,1
,,,,,,,0
4,1,,,,,,0
2,,,,,,,0
,1,1,5000000,3,,1,0
110,1,,,,3,,1
5,1,,,,,,0
,2,2,900000,,,,0
42,,,,,,,0
,2,2,337689,,,,0
9,,,,,,,0
,1,,,,,,0
,,,,,,,1
,1,2,416000,,,,0
,,,,,1,,1
8,,,,,,,1
20,1,1,90000000,1,1,1,0
,1,,,,,,1
,,,,,,,0
,,,,,,,0
13,2,1,449061,,,,0
5,,,,,1,,0
3,,,,,,,1
,,,,,,,0
,,8,23000000,4,,1,1
,,,,,,,0
,,,,,,,1
,,,,,,,1
4,,,,,,,0
1,,,,,,,0
,,2,,2,,,1
,,,,,,,0
,,,,,,,0
,1,1,,1,,1,1
4,1,,,,,,0
,,,,,,,0
1,1,4,26523862,5,,,0
,,,,,,,0
,,,,,,,0
,,,,,,,0
,1,,,,,,0
,1,,,,,,0
4,,,,,,,0
7,2,,,,,,0
,,,,,,,0
,,,,,,,1
,1,,,,,,0
,2,2,,,,,0
798,1,3,1460000000,,3,,1
6,1,,,,,,0
,,,,,,,0
1,1,,,,,,0
,,,,,,,0
,,,,,,,0
3,,,,,,,0
,,,,,,,0
2,1,1,2300000,2,,,0
,,,,,,,0
7,,,,,,,0
,,1,982000,1,,1,0
,,,,,,,0
1,,,,,,,0
,,,,,,,0
8,1,,,,,,1
20,2,,,,,,0
,1,,,,,,0
,,,,,,,0
1,,,,,,,0
,,,,,,,0
1,1,2,3050000,1,,,0
,,,,,,,0
13,3,6,44600000,4,,2,1
,,3,1705000,,,,0
6,1,,,,,,0
,,,,,,,0
15,1,6,73901999,5,,3,1
2,2,,,,,,0
,,,,,,,1
11,2,3,4570000,3,,2,1
,,,,,1,,0
,,,,,,,1
24,1,3,26300000,1,,1,0
,,,,,,,0
,,,,,,,0
,3,,,,,,0
,1,,,,,,0
,1,1,7100000,1,,1,0
,1,1,2427234,,,,0
5,2,,,,,,0
18,2,8,23796504,4,,2,0
,,,,,,,1
1,1,,,,,,1
,,,,,,,0
,,,,,,,0
,,,,,,,0
,,,,,,,0
,,,,,,,1
,,,,,,,1
,,,,,,,1
23,2,6,96051393,6,,1,1
,,,,,,,0
7,,,,,,,1
1,3,,,,,,0
1,,,,,,,0
,,,,,,,0
509,,2,,1,,,1
,1,2,680000,1,,1,0
1,1,3,711250,,,,0
203,4,7,38000000,10,1,3,0
,,,,,,,1
,,,,,1,,0
17,1,,,,,,0
,,,,,,,0
3,1,,,,,,0
9,,,,,,,1
,,,,,,,0
36,1,2,10000000,3,,3,1
3,1,1,4000000,1,,,0
9,1,,,,,,0
,1,,,,,,1
1,,,,,,,0
229,5,3,8500000,3,,1,1
,,,,,,,1
,,,,,,,0
2,1,,,,,,1
51,,,,,6,,0
,,1,,1,,,0
,,,,,,,0
14,2,3,5713703,,,,1
,,,,,,,0
6,,,,,,,0
,,,,,,,0
,,,,,,,0
,,,,,,,1
,,,,,,,1
,,,,,,,0
,,,,,,,0
47,,,,,,,0
3,1,4,64285567,5,,2,1
,2,1,170000,1,,,0
,,,,,,,0
,1,,,,,,0
,,,,,,,0
,,,,,,,0
3,1,2,8075000,2,,2,0
,,,,,,,0
,,,,,,,0
,,,,,,,1
,,,,,,,0
,,,,,,,0
52,2,2,57000000,1,,1,1
2,,,,,,,0
25,1,1,12000000,2,,,1
1,,,,,,,0
,,,,,,,0
,,3,8800000,3,,,1
7,2,4,8500000,6,,1,1
,,,,,,,0
,,6,36055000,8,,2,0
,,,,,,,1
40,2,1,13000000,1,,1,0
30,1,7,45500000,3,2,3,1
,,,,,,,0
,1,,,,,,0
60,,1,,,,,0
,,,,,,,1
,,,,,,,0
1,,,,,,,0
11,1,,,,,,0
,1,,,,,,0
1,,,,,,,0
,,,,,,,0
3,1,,,,,,0
,,,,,,,0
,,,,,,,0
,1,,,,,,0
,,,,,,,0
2,,,,,,,0
6,2,1,6000000,2,,,1
1,1,1,250000,1,,,0
,,,,,,,0
1,,,,,,,0
1,,,,,1,,0
,1,,,,,,0
2,3,,,,,,0
525,4,4,63350000,7,,5,1
,,,,,,,0
37,1,,,,,,1
,1,,,,,,0
8,2,,,,1,,0
1,1,1,3800000,,,,0
2,,,,,,,1
,,4,392327,,,,0
1,,,,,,,0
6,1,,,,,,0
1,2,2,8000000,,1,,0
,,,,,,,0
1,,,,,,,0
1,2,3,250000,2,,,1
,,,,,,,0
,,,,,,,0
1,,1,,1,,,0
18,1,4,8200000,,,,1
8,,,,,,,0
,,4,120000,4,,,0
9,2,1,,1,,,0
,,,,,,,0
,,,,,,,0
,2,1,10000000,2,,,0
1,,,,,,,0
2,2,1,,1,3,1,1
8,1,2,10760000,1,1,1,1
1,1,2,4141000,1,,,0
3,,3,15556000,4,,,0
,,1,2076250,,,,1
227,,,,,,,0
18,,,,,,,0
13,,,,,,,1
1,1,,,,,,0
,,,,,,,0
1,1,,,,,,0
,1,,,,,,0
,,,,,,,0
,,,,,,,0
114,2,,,,,,1
3,1,,,,,,0
,,,,,,,1
,1,,,,,,0
,,,,,,,1
24,2,7,105050000,9,,4,1
,,1,600000,,,,0
4,2,1,2100000,1,1,,1
42,2,,,,18,,1
,,,,,,,0
,,1,2098456,1,,,0
148,,,,,,,0
,,,,,,,0
,,,,,,,0
9,,5,34190000,3,,1,1
11,1,2,27000000,8,,2,0
,,1,,2,,,1
,,,,,,,1
,,,,,,,0
95,1,11,466589999,8,,5,0
,,,,,,,1
,,,,,,,0
,,,,,,,0
7,1,3,1250000,3,,3,0
,,,,,,,0
403,5,8,60815000,10,1,3,1
,,2,2073171,,,,0
,,1,,,,,0
20,5,2,21450000,3,,1,0
890,5,1,1750000,2,,2,1
1,,,,,,,0
,,,,,,,1
,,,,,,,0
,,,,,,,1
1,,,,,,,0
,,,,,,,1
1,,,,,,,0
,1,,,,,,0
14,,,,,,,1
6,,,,,,,0
1,1,,,,,,0
1,,,,,,,0
,1,,,,,,0
,,,,,,,0
9,2,1,4000000,1,,1,1
2,1,2,24425000,,2,,0
214,,,,,2,,1
3,,,,,,,1
6,,,,,1,,1
167,,,,,3,,1
,,,,,,,0
3,,,,,,,0
,,,,,,,0
,,,,,,,1
61,,,,,,,0
,1,1,258427,,,,0
,,,,,,,0
78,1,3,45000000,1,,,0
1635,3,5,40900000,6,8,4,1
,,,,,,,0
5,,,,,,,0
6,1,,,,,,0
,3,,,,,,0
,,,,,,,1
66,2,3,9640000,3,,2,1
,,,,,,,0
,,,,,,,1
54,1,1,25000000,1,,1,0
,,,,,,,0
4,1,,,,3,,0
7,1,,,,,,0
,,,,,,,1
3,3,,,,,,0
,,,,,,,0
,,,,,,,0
9,1,3,10600000,2,,1,0
,,1,7500000,1,,,0
,,,,,,,0
3,,,,,,,0
1,1,,,,,,0
,,3,800000,2,,,0
12,1,1,3500000,2,,2,1
,,,,,,,0
,,3,4089700,2,,1,1
,,,,,,,1
,,,,,,,0
,,,,,,,0
6,2,,,,,,0
1,,,,,,,0
4,3,1,,1,,,0
1,,,,,,,0
,,,,,,,0
2,,,,,,,1
,,,,,,,0
1,,,,,,,1
,,3,9090000,4,,1,1
2,,,,,,,0
,,,,,,,1
67,2,5,226000000,7,,3,0
185,3,3,16100000,5,,2,1
,,,,,,,1
42,,11,122609480,12,,6,1
1,,,,,,,1
1,,1,4100000,4,,1,0
,,,,,,,1
,,1,15000,,,,0
,,,,,,,1
3,1,1,170000,,,,1
,,,,,,,0
,,1,11000000,,,,0
,,,,,,,0
1,,,,,,,1
,,,,,,,0
,,,,,,,0
3,,,,,,,0
125,,,,,,,0
1,,,,,,,1
13,2,,,,,,0
,1,,,,,,0
2,,,,,,,1
,,,,,,,1
6,,,,,,,0
,,,,,,,1
1,,,,,,,0
,,,,,,,0
,,,,,,,0
,,,,,,,0
3,1,,,,,,0
9,1,,,,,,1
1,,,,,,,0
21,1,1,2620000,1,1,1,1
10,1,3,26000006,2,,1,1
,1,4,17625814,3,,1,0
5,,,,,,,0
591,2,9,64014000,6,,3,1
,,,,,,,0
,,,,,,,0
,,,,,,,0
,,,,,1,,1
,,,,,,,0
,1,,,,,,0
7,,,,,,,0
,,,,,,,0
217,2,11,323987000,15,5,6,1
148,1,6,231471000,6,,3,0
1,,2,12703000,,,,0
483,3,15,1372600000,12,,9,1
,,,,,,,0
13,,,,,,,1
,,,,,,,0
,,,,,,,1
,,,,,,,1
,,,,,,,1
21,3,2,3500000,9,,,1
,,,,,,,0
63,1,1,,1,,,0
9,1,,,,,,0
16,,,,,1,,0
1,,,,,,,0
,,,,,,,0
,2,,,,,,0
26,1,7,76078582,6,,2,0
,,1,10200000,1,,1,0
,,,,,1,,0
,1,,,,,,0
,1,,,,,,0
,,,,,,,0
,,,,,,,0
,2,,,,,,0
,,,,,,,0
,,,,,,,0
,,,,,,,0
6,,,,,,,0
38,,2,14000000,2,,2,0
1,1,,,,,,0
116,1,1,500000,,,,0
,,,,,,,0
,,,,,,,0
28,4,5,47778903,4,,3,0
,,1,10500000,4,,2,0
,,,,,,,0
1,1,,,,,,0
4,,,,,,,0
,1,2,19999999,1,,,1
,,,,,,,1
,,,,,,,0
71,,,,,,,0
,,,,,,,1
29,,1,4000000,1,,,1
768,1,7,160000000,19,4,6,0
1,,1,7000000,1,,1,0
,,,,,,,0
29,4,5,19000000,14,2,3,0
,,,,,,,0
7,2,1,25000000,,,,1
3,,,,,,,0
2,2,,,,,,0
,,,,,1,,0
2,5,,,,,,0
,,,,,,,0
1,2,1,30000000,1,,1,0
,2,,,,,,0
,,,,,2,,1
,2,,,,,,0
2,,,,,,,0
,,,,,,,0
45,,,,,1,,1
,1,,,,,,0
10,,,,,,,1
20,,,,,,,0
,,,,,6,,1
,1,,,,,,0
,1,,,,,,0
,1,1,,1,,1,0
,,2,4217358,1,,,1
2,1,,,,,,1
7,1,,,,,,0
22,1,1,,2,,,0
,,,,,,,1
,,,,,,,1
,1,,,,,,0
,,,,,,,1
,,,,,,,0
,,,,,,,1
1,1,2,1525000,,,,0
,,,,,,,0
,2,,,,,,0
8,1,,,,,,0
,,,,,,,0
8,,,,,,,1
,1,,,,,,0
,2,,,,,,1
1,,,,,4,,0
,,,,,,,0
,1,,,,,,1
,,,,,,,1
,1,,,,,,0
4,1,1,810000,1,,1,0
193,3,8,116400000,10,4,6,1
,,,,,,,0
13,2,3,48425000,4,,1,1
4,,,,,2,,0
1,,,,,,,1
,,1,1400000,1,,1,0
4,2,,,,,,0
1049,3,4,54400000,4,,2,0
28,3,9,21115154,12,3,1,0
2,,4,2835000,3,,,0
,,1,,1,,,0
224,3,12,141308872,13,5,4,1
6,,,,,,,0
,1,,,,,,0
6,1,16,23416000,4,,1,0
,,,,,,,0
114,1,1,,2,,,1
,,,,,,,1
5,3,3,13022212,,,,0
,,1,,1,,,0
81,2,2,14250000,,2,,1
,,,,,,,1
1,,,,,,,1
,,,,,,,0
,,,,,1,,0
,,,,,,,0
,,,,,,,0
,2,,,,,,0
,,,,,,,0
,,,,,,,0
1,,1,,,,,0
9,,,,,,,0
167,1,1,,,,,0
,,,,,,,0
,2,,,,,,0
,1,,,,,,0
,,,,,,,0
,,,,,,,0
,,,,,,,0
,,,,,,,1
75,2,5,108800000,20,5,5,1
1,,,,,,,0
,2,,,,,,0
3,,,,,,,0
1,,,,,1,,0
8,,,,,,,0
,,,,,,,0
3,,,,,,,0
,,,,,2,,0
,,,,,,,1
1,3,2,,,,,0
18,2,5,5708020,5,,1,1
1,,,,,,,0
,,,,,,,0
2,,,,,,,0
,,,,,,,0
5,,,,,,,0
,,,,,,,0
,,,,,,,0
,1,,,,,,0
,,,,,,,0
,2,,,,,,0
7,1,,,,,,1
,1,,,,,,0
,,,,,,,0
,,,,,,,1
10,1,,,,,,0
9,,,,,,,0
33,,,,,1,,0
1,,,,,1,,0
7,1,1,,2,,2,1
,1,,,,,,0
,,,,,,,0
,,,,,,,0
,1,,,,,,0
1,,,,,,,0
,,,,,1,,1
,,,,,,,0
,1,1,182493,1,,,0
,2,,,,,,0
1,1,,,,,,0
,,,,,,,0
2,1,,,,,,0
,,1,100000,,,,0
,1,,,,,,0
2,,,,,,,0
,,,,,,,0
,,,,,,,0
2,1,,,,,,0
8,,,,,,,0
1,,,,,1,,1
,,,,,,,1
,,1,500000,1,,,0
,,,,,,,0
,,,,,,,0
,,,,,,,0
9,1,,,,,,0
,,,,,,,0
43,4,,,,,,0
20,,,,,,,0
,,,,,,,1
11,,,,,,,0
,,,,,,,0
4,,,,,,,1
,2,,,,,,0
1,,1,4000000,1,,1,0
,,,,,,,1
4,1,,,,,,1
,,,,,,,1
,,,,,,,0
,,,,,,,0
,,,,,1,,0
1,1,2,2200000,1,1,1,0
16,2,,,,,,0
3,,,,,,,0
,,,,,,,0
,,1,10000000,,,,0
,,,,,,,0
1,,,,,,,0
1,1,,,,,,0
32,,4,45000000,7,,6,0
,,1,,1,,,0
,,,,,,,0
2,2,2,988000,,,,1
,,,,,,,0
3,1,,,,,,0
504,,,,,,,0
,,,,,,,0
,1,,,,,,0
1,1,1,,2,,,0
56,1,1,300000,1,,,0
9,1,,,,,,0
,,,,,,,0
4,,,,,,,0
8,1,,,,,,0
,,,,,,,0
,,1,3800000,1,,,0
,,,,,,,0
,,,,,,,0
16,,,,,,,1
,,,,,,,0
,,,,,,,0
,,,,,,,0
32,,,,,,,0
7,,,,,,,0
,,,,,,,0
,,1,4000000,,,,0
,1,,,,,,1
,,,,,4,,1
,1,,,,,,0
2,1,,,,,,0
13,2,1,8000000,4,,2,1
1,,,,,,,1
1,,1,15000000,6,,,0
19,,,,,3,,0
16,,,,,1,,0
,1,,,,,,0
2,1,,,,,,1
,1,,,,,,0
,,,,,,,1
72,1,,,,,,1
15,1,2,2550000,2,,1,0
2,1,,,,,,0
1,,,,,,,1
33,,1,,3,,,1
,,,,,,,0
,,,,,,,0
1,1,,,,,,0
,,,,,,,1
,1,,,,,,1
,,,,,,,1
,,1,2900000,,,,0
,1,,,,1,,0
2,2,,,,,,1
6,2,1,1250000,1,,1,0
8,,,,,,,1
3,,,,,,,0
,,,,,,,1
,,,,,,,0
4,2,,,,,,0
,1,,,,,,0
,,,,,,,1
6,,,,,,,0
,,,,,,,1
,,,,,5,,1
,,,,,,,0
,1,,,,,,0
15,2,,,,,,0
,,,,,,,1
29,,,,,,,1
8,3,5,49850000,4,,3,1
294,5,8,340362625,19,5,2,1
,,,,,,,0
,1,,,,,,0
,1,1,3250000,1,,1,0
,1,,,,,,0
,,,,,,,1
11,,,,,,,0
4,,,,,,,0
,,,,,,,0
13,1,,,,,,0
,,,,,,,1
17,1,,,,,,0
,,,,,,,1
,1,,,,,,0
35,2,3,5000000,3,2,1,1
165,1,,,,,,0
,,,,,,,0
7,,,,,,,0
,,,,,,,0
65,2,1,15000000,1,,1,1
,,,,,,,0
4,,,,,,,0
,,,,,,,1
,,,,,,,0
,1,5,8525000,1,,1,0
,,,,,,,0
,,,,,,,1
681,1,9,177260060,12,,4,1
3,,,,,4,,0
1,1,2,1000000,5,,,0
,1,2,500000,1,,,0
,,,,,,,0
,,,,,,,0
,,,,,,,0
46,,,,,,,1
1,,,,,,,0
621,,1,,1,,,0
7,,2,32250000,2,1,2,0
4,,,,,,,1
1,,,,,,,1
,,,,,,,0
,,,,,,,0
,,,,,,,0
,,,,,,,0
1,,,,,,,0
,,,,,,,0
,,,,,,,0
,,,,,,,1
4,,,,,,,0
,2,2,815830,3,,,0
2,4,,,,1,,0
,1,,,,,,0
,,,,,,,0
,,,,,,,0
,,,,,,,0
2,,1,,1,,,0
,2,2,500000,1,,1,0
,1,,,,,,0
,,1,,1,,,0
,1,1,,,,,0
27,1,,,,,,0
,,,,,3,,1
,2,,,,,,0
3,,1,125000,1,,,0
,,,,,,,0
,,,,,,,0
,,,,,,,0
,,,,,,,0
5,,1,,2,,,0
,,,,,,,0
,,,,,1,,0
10,2,8,30293333,15,2,4,0
,,,,,,,0
2,,,,,,,0
1,,,,,,,0
1,,,,,,,0
,,,,,,,0
3,,,,,,,0
3,,,,,,,0
1,,,,,,,0
,,,,,,,0
225,3,3,1800000,15,,1,0
,,,,,,,0
,,,,,,,0
,,,,,,,0
4,3,6,11600000,4,,3,0
4,2,,,,,,0
1,1,,,,,,0
,1,,,,,,0
,1,,,,,,0
,1,,,,,,0
,,,,,,,0
,1,,,,,,0
,1,1,400000,,,,0
,,,,,,,0
,,,,,,,0
,,1,,1,,,0
4,,,,,1,,0
1,,,,,,,0
,,,,,,,0
,,,,,,,0
,,1,1300000,1,,1,0
1,1,,,,,,0
,,,,,,,0
,2,,,,,,0
,,,,,,,0
,,,,,,,0
,,1,1000000,,,,0
,,3,152500,1,,,0
,,,,,,,0
1,,,,,,,0
,1,3,2451300,,,,0
,,1,1420000,,,,0
,,,,,,,0
35,2,1,8300000,2,1,,0
9,1,,,,,,0
,,,,,,,0
5,,,,,,,0
,,,,,,,0
26,1,11,86466000,10,,3,0
,,,,,,,0
64,,,,,1,,0
1,,,,,,,0
,2,,,,,,0
1,,,,,1,,0
3,,,,,,,0
,1,1,8775000,1,,1,0
,,,,,,,0
,,,,,,,0
,,,,,,,0
,,,,,,,0
6,,,,,,,0
,1,1,500000,,,,0
,,3,20290000,3,,1,0
,2,,,,,,0
,,,,,,,0
,,,,,,,0
69,1,2,113214186,,1,,0
,1,4,4359346,1,,,0
5258,2,,,,5,,0
,1,,,,,,0
,,,,,,,0
,,,,,,,0
,1,2,1262000,,,,0
,1,,,,,,0
,3,,,,,,0
,,,,,,,0
,,,,,,,0
,,,,,,,0
,3,,,,,,0
,,,,,,,0
,1,1,,1,,,0
,1,1,20000,,,,0
,,,,,,,0
,2,,,,,,0
,,,,,,,0
7,1,2,10000000,2,,1,0
1,,,,,,,0
,,2,8199999,7,,,0
,,,,,,,0
70,1,4,45550000,13,2,1,0
7,,,,,,,0
,,,,,,,0
19,,,,,,,0
,,,,,,,0
,,,,,,,0
1,2,,,,1,,0
24,,,,,,,0
,,,,,,,0
,1,,,,,,0
,,,,,,,0
,1,,,,,,0
,,,,,,,0
,,,,,,,0
,1,,,,,,0
6,1,1,,,,,0
,,,,,,,0
,1,,,,,,0
,,,,,,,0
,,,,,,,0
,,,,,,,0
,,,,,1,,0
,1,1,233380,,,,0
,,,,,,,0
,1,,,,,,0
1,,,,,,,0
,,,,,,,0
,1,,,,,,0
1,,,,,,,0
38,2,3,44000000,2,3,1,0
2,,2,1559354,,,,1
3,,,,,,,0
1,,,,,,,1
,,,,,,,1
10,1,2,250000,1,,1,1
,1,,,,,,0
28,4,3,17000000,3,,,0
,,,,,,,0
,,,,,,,1
,,,,,,,0
,,,,,,,0
,,,,,,,0
,,,,,,,0
,,,,,,,0
2,1,,,,,,0
,,,,,,,0
1,,,,,,,0
,,,,,,,0
,,,,,,,1
,1,,,,,,0
,,,,,,,0
,,1,,1,,,0
,,,,,,,1
10,2,,,,,,0
23,1,4,2939581,2,,1,1
,,,,,,,0
,,,,,1,,0
15,1,,,,,,0
2,,,,,,,0
,,,,,1,,0
,,,,,,,1
11,2,,,,,,0
1,2,1,7000000,,,,0
6,,,,,,,0
,,,,,,,0
10,,,,,,,0
,,,,,,,1
2,,2,2000000,1,,1,1
,,1,68000,1,,,0
3,1,,,,,,1
,,,,,,,1
1,,1,,1,,,0
11,1,,,,,,0
1,2,,,,,,1
,,,,,,,1
,1,,,,,,0
,,,,,,,0
41,3,5,10845000,4,1,1,1
1,1,,,,,,0
,,,,,,,0
26,2,1,7000000,3,,2,1
,,,,,,,0
1260,2,,,,,,1
,1,6,4873366,4,,,1
,,,,,,,0
11,,3,32544500,1,,1,1
,,,,,,,1
,,,,,,,0
,,1,1572526,,1,,0
5,,,,,,,0
18,2,2,5087553,3,,,0
1,,,,,,,1
,,,,,,,0
,2,,,,,,0
,,1,1520000,,,,0
,,1,375000,,,,0
,1,,,,,,0
66,2,,,,,,0
57,1,7,46789000,,,,0
243,1,3,26000000,4,,2,1
1,,,,,,,0
,1,,,,,,1
1,,1,,1,,,0
6,,,,,2,,0
1,,,,,,,0
326,,,,,5,,1
1,1,,,,,,1
,,,,,,,0
,,1,,1,,1,0
,,,,,1,,0
,,1,2230000,2,,,0
,,,,,,,1
,1,,,,,,0
2780,2,4,,3,,,1
,,,,,1,,1
1,2,5,12500000,3,,2,0
1,,,,,,,0
1,,,,,1,,1
5,,3,11035000,2,,1,1
,2,,,,,,1
,,,,,,,0
,1,,,,,,0
,,1,5000000,2,,2,0
3,2,,,,,,1
,,,,,,,1
1,,,,,,,1
3,1,3,40000000,4,,4,0
1,,,,,1,,0
,2,,,,,,0
,,,,,,,0
1,,,,,,,0
,1,,,,,,0
,3,,,,,,0
,1,,,,,,0
1,,,,,,,1
,2,,,,,,1
1,1,,,,,,1
23,2,2,18500000,7,,2,1
,,1,,1,,,0
4,,,,,,,1
,1,,,,,,0
1,1,1,50000000,1,,1,1
,,,,,,,0
1,2,1,,1,,,0
357,2,9,75816240,11,2,4,1
1,,1,1140000,1,,,0
214,3,3,6499999,2,,1,1
2,2,11,23893000,6,,2,0
,,,,,,,0
1,1,,,,,,1
,,1,2000000,,,,0
,,,,,,,0
,,,,,,,0
,,,,,,,0
,1,,,,,,0
24,1,,,,1,,0
15,1,2,25000000,1,,1,0
1,1,,,,,,0
,,,,,,,0
2,,,,,1,,0
,1,1,2500000,2,,1,0
,,,,,,,0
176,2,4,45632042,8,,3,0
,1,,,,,,0
,1,1,,,,,0
,,,,,,,0
,3,,,,,,0
,1,1,800000,,,,0
,,,,,,,0
,,,,,,,1
,,,,,,,1
,1,,,,,,0
,1,,,,,,0
1,,,,,,,0
,,,,,,,1
12,,1,,1,,1,1
,2,,,,,,0
,,,,,,,1
5,1,,,,,,0
,,,,,,,0
,,,,,,,0
4,,,,,,,0
13,2,6,44300000,26,1,2,1
1,,,,,,,0
401,2,3,148000000,4,2,2,1
,,,,,,,0
1,,,,,,,0
5,2,4,12039999,2,1,1,1
1,1,,,,,,1
,,1,8500000,7,,2,1
